Date,Timepoint,Phage,Bacteria,Type,Population,Rep,Plated_Host,Receptor,PFU,Dilution,Titer,Notes
20220405,0,Phi21,WT,Repeat,1,1,WT,All,13,6,6.50E+03,
20220405,0,Phi21,WT,Repeat,2,2,WT,All,13,6,6.50E+03,
20220405,0,Phi21,WT,Repeat,3,3,WT,All,13,6,6.50E+03,
20220405,0,Phi21,WT,Repeat,4,4,WT,All,13,6,6.50E+03,
20220405,0,Phi21,WT,Repeat,5,5,WT,All,13,6,6.50E+03,
20220405,0,Phi21,WT,Repeat,6,6,WT,All,13,6,6.50E+03,
20220405,0,Phi21,WT,Repeat,7,7,WT,All,13,6,6.50E+03,
20220405,0,Phi21,WT,Repeat,8,8,WT,All,13,6,6.50E+03,
20220405,0,Phi21,WT,Repeat,9,9,WT,All,13,6,6.50E+03,
20220405,21.5,Phi21-P2-T21,WT,Continue,2,1,WT,All,15,3,7.50E+06,
20220405,21.5,Phi21-P2-T21,WT,Continue,2,2,WT,All,9,3,4.50E+06,
20220405,21.5,Phi21-P2-T21,WT,Continue,2,3,WT,All,5,3,2.50E+06,
20220405,0,Phi21,WT,Repeat,1,1,C-F-,LamB,35,5,1.75E+03,
20220405,0,Phi21,WT,Repeat,2,2,C-F-,LamB,35,5,1.75E+03,
20220405,0,Phi21,WT,Repeat,3,3,C-F-,LamB,35,5,1.75E+03,
20220405,0,Phi21,WT,Repeat,4,4,C-F-,LamB,35,5,1.75E+03,
20220405,0,Phi21,WT,Repeat,5,5,C-F-,LamB,35,5,1.75E+03,
20220405,0,Phi21,WT,Repeat,6,6,C-F-,LamB,35,5,1.75E+03,
20220405,0,Phi21,WT,Repeat,7,7,C-F-,LamB,35,5,1.75E+03,
20220405,0,Phi21,WT,Repeat,8,8,C-F-,LamB,35,5,1.75E+03,
20220405,0,Phi21,WT,Repeat,9,9,C-F-,LamB,35,5,1.75E+03,
20220405,21.5,Phi21-P2-T21,WT,Continue,2,1,C-F-,LamB,6,0,3.00E+03,
20220405,21.5,Phi21-P2-T21,WT,Continue,2,2,C-F-,LamB,4,0,2.00E+03,
20220405,21.5,Phi21-P2-T21,WT,Continue,2,3,C-F-,LamB,5,0,2.50E+03,
20220405,0,Phi21,WT,Repeat,1,1,L-F-,OmpC,0,0,0.00E+00,
20220405,0,Phi21,WT,Repeat,2,2,L-F-,OmpC,0,0,0.00E+00,
20220405,0,Phi21,WT,Repeat,3,3,L-F-,OmpC,0,0,0.00E+00,
20220405,0,Phi21,WT,Repeat,4,4,L-F-,OmpC,0,0,0.00E+00,
20220405,0,Phi21,WT,Repeat,5,5,L-F-,OmpC,0,0,0.00E+00,
20220405,0,Phi21,WT,Repeat,6,6,L-F-,OmpC,0,0,0.00E+00,
20220405,0,Phi21,WT,Repeat,7,7,L-F-,OmpC,0,0,0.00E+00,
20220405,0,Phi21,WT,Repeat,8,8,L-F-,OmpC,0,0,0.00E+00,
20220405,0,Phi21,WT,Repeat,9,9,L-F-,OmpC,0,0,0.00E+00,
20220405,21.5,Phi21-P2-T21,WT,Continue,2,1,L-F-,OmpC,0,0,0.00E+00,
20220405,21.5,Phi21-P2-T21,WT,Continue,2,2,L-F-,OmpC,0,0,0.00E+00,
20220405,21.5,Phi21-P2-T21,WT,Continue,2,3,L-F-,OmpC,0,0,0.00E+00,
20220405,0,Phi21,WT,Repeat,1,1,L-C-,OmpF,0,0,0.00E+00,
20220405,0,Phi21,WT,Repeat,2,2,L-C-,OmpF,0,0,0.00E+00,
20220405,0,Phi21,WT,Repeat,3,3,L-C-,OmpF,0,0,0.00E+00,
20220405,0,Phi21,WT,Repeat,4,4,L-C-,OmpF,0,0,0.00E+00,
20220405,0,Phi21,WT,Repeat,5,5,L-C-,OmpF,0,0,0.00E+00,
20220405,0,Phi21,WT,Repeat,6,6,L-C-,OmpF,0,0,0.00E+00,
20220405,0,Phi21,WT,Repeat,7,7,L-C-,OmpF,0,0,0.00E+00,
20220405,0,Phi21,WT,Repeat,8,8,L-C-,OmpF,0,0,0.00E+00,
20220405,0,Phi21,WT,Repeat,9,9,L-C-,OmpF,0,0,0.00E+00,
20220405,21.5,Phi21-P2-T21,WT,Continue,2,1,L-C-,OmpF,7,3,3.50E+06,
20220405,21.5,Phi21-P2-T21,WT,Continue,2,2,L-C-,OmpF,9,3,4.50E+06,
20220405,21.5,Phi21-P2-T21,WT,Continue,2,3,L-C-,OmpF,8,3,4.00E+06,
20220406,1,Phi21,WT,Repeat,1,1,WT,All,9,6,9.00E+09,"Used pin tool, ~1uL spots"
20220406,1,Phi21,WT,Repeat,2,2,WT,All,5,6,5.00E+09,"Used pin tool, ~1uL spots"
20220406,1,Phi21,WT,Repeat,3,3,WT,All,9,6,9.00E+09,"Used pin tool, ~1uL spots"
20220406,1,Phi21,WT,Repeat,4,4,WT,All,8,6,8.00E+09,"Used pin tool, ~1uL spots"
20220406,1,Phi21,WT,Repeat,5,5,WT,All,11,6,1.10E+10,"Used pin tool, ~1uL spots"
20220406,1,Phi21,WT,Repeat,6,6,WT,All,15,6,1.50E+10,"Used pin tool, ~1uL spots"
20220406,1,Phi21,WT,Repeat,7,7,WT,All,15,6,1.50E+10,"Used pin tool, ~1uL spots"
20220406,1,Phi21,WT,Repeat,8,8,WT,All,11,6,1.10E+10,"Used pin tool, ~1uL spots"
20220406,1,Phi21,WT,Repeat,9,9,WT,All,8,6,8.00E+09,"Used pin tool, ~1uL spots"
20220406,22,Phi21-P2-T21,WT,Continue,2,1,WT,All,4,1,4.00E+04,"Used pin tool, ~1uL spots"
20220406,22,Phi21-P2-T21,WT,Continue,2,2,WT,All,9,1,9.00E+04,"Used pin tool, ~1uL spots"
20220406,22,Phi21-P2-T21,WT,Continue,2,3,WT,All,5,1,5.00E+04,"Used pin tool, ~1uL spots"
20220406,1,Phi21,WT,Repeat,1,1,C-F-,LamB,11,5,1.10E+09,"Used pin tool, ~1uL spots"
20220406,1,Phi21,WT,Repeat,2,2,C-F-,LamB,9,5,9.00E+08,"Used pin tool, ~1uL spots"
20220406,1,Phi21,WT,Repeat,3,3,C-F-,LamB,15,5,1.50E+09,"Used pin tool, ~1uL spots"
20220406,1,Phi21,WT,Repeat,4,4,C-F-,LamB,15,5,1.50E+09,"Used pin tool, ~1uL spots"
20220406,1,Phi21,WT,Repeat,5,5,C-F-,LamB,15,5,1.50E+09,"Used pin tool, ~1uL spots"
20220406,1,Phi21,WT,Repeat,6,6,C-F-,LamB,7,5,7.00E+08,"Used pin tool, ~1uL spots"
20220406,1,Phi21,WT,Repeat,7,7,C-F-,LamB,20,5,2.00E+09,"Used pin tool, ~1uL spots"
20220406,1,Phi21,WT,Repeat,8,8,C-F-,LamB,14,5,1.40E+09,"Used pin tool, ~1uL spots"
20220406,1,Phi21,WT,Repeat,9,9,C-F-,LamB,13,5,1.30E+09,"Used pin tool, ~1uL spots"
20220406,22,Phi21-P2-T21,WT,Continue,2,1,C-F-,LamB,0,0,0.00E+00,"Used pin tool, ~1uL spots"
20220406,22,Phi21-P2-T21,WT,Continue,2,2,C-F-,LamB,0,0,0.00E+00,"Used pin tool, ~1uL spots"
20220406,22,Phi21-P2-T21,WT,Continue,2,3,C-F-,LamB,0,0,0.00E+00,"Used pin tool, ~1uL spots"
20220406,1,Phi21,WT,Repeat,1,1,L-F-,OmpC,24,2,2.40E+06,"Used pin tool, ~1uL spots"
20220406,1,Phi21,WT,Repeat,2,2,L-F-,OmpC,4,2,4.00E+05,"Used pin tool, ~1uL spots"
20220406,1,Phi21,WT,Repeat,3,3,L-F-,OmpC,3,3,3.00E+06,"Used pin tool, ~1uL spots"
20220406,1,Phi21,WT,Repeat,4,4,L-F-,OmpC,2,3,2.00E+06,"Used pin tool, ~1uL spots"
20220406,1,Phi21,WT,Repeat,5,5,L-F-,OmpC,10,3,1.00E+07,"Used pin tool, ~1uL spots"
20220406,1,Phi21,WT,Repeat,6,6,L-F-,OmpC,7,2,7.00E+05,"Used pin tool, ~1uL spots"
20220406,1,Phi21,WT,Repeat,7,7,L-F-,OmpC,4,3,4.00E+06,"Used pin tool, ~1uL spots"
20220406,1,Phi21,WT,Repeat,8,8,L-F-,OmpC,5,3,5.00E+06,"Used pin tool, ~1uL spots"
20220406,1,Phi21,WT,Repeat,9,9,L-F-,OmpC,3,3,3.00E+06,"Used pin tool, ~1uL spots"
20220406,22,Phi21-P2-T21,WT,Continue,2,1,L-F-,OmpC,0,0,0.00E+00,"Used pin tool, ~1uL spots"
20220406,22,Phi21-P2-T21,WT,Continue,2,2,L-F-,OmpC,0,0,0.00E+00,"Used pin tool, ~1uL spots"
20220406,22,Phi21-P2-T21,WT,Continue,2,3,L-F-,OmpC,0,0,0.00E+00,"Used pin tool, ~1uL spots"
20220406,1,Phi21,WT,Repeat,1,1,L-C-,OmpF,0,0,0.00E+00,"Used pin tool, ~1uL spots"
20220406,1,Phi21,WT,Repeat,2,2,L-C-,OmpF,0,0,0.00E+00,"Used pin tool, ~1uL spots"
20220406,1,Phi21,WT,Repeat,3,3,L-C-,OmpF,0,0,0.00E+00,"Used pin tool, ~1uL spots"
20220406,1,Phi21,WT,Repeat,4,4,L-C-,OmpF,0,0,0.00E+00,"Used pin tool, ~1uL spots"
20220406,1,Phi21,WT,Repeat,5,5,L-C-,OmpF,0,0,0.00E+00,"Used pin tool, ~1uL spots"
20220406,1,Phi21,WT,Repeat,6,6,L-C-,OmpF,0,0,0.00E+00,"Used pin tool, ~1uL spots"
20220406,1,Phi21,WT,Repeat,7,7,L-C-,OmpF,0,0,0.00E+00,"Used pin tool, ~1uL spots"
20220406,1,Phi21,WT,Repeat,8,8,L-C-,OmpF,0,0,0.00E+00,"Used pin tool, ~1uL spots"
20220406,1,Phi21,WT,Repeat,9,9,L-C-,OmpF,0,0,0.00E+00,"Used pin tool, ~1uL spots"
20220406,22,Phi21-P2-T21,WT,Continue,2,1,L-C-,OmpF,6,1,6.00E+04,"Used pin tool, ~1uL spots"
20220406,22,Phi21-P2-T21,WT,Continue,2,2,L-C-,OmpF,32,0,3.20E+04,"Used pin tool, ~1uL spots"
20220406,22,Phi21-P2-T21,WT,Continue,2,3,L-C-,OmpF,6,1,6.00E+04,"Used pin tool, ~1uL spots"
20220407,2,Phi21,WT,Repeat,1,1,WT,All,4,5,4.00E+08,"Used pin tool, ~1uL spots"
20220407,2,Phi21,WT,Repeat,2,2,WT,All,4,5,4.00E+08,"Used pin tool, ~1uL spots"
20220407,2,Phi21,WT,Repeat,3,3,WT,All,10,5,1.00E+09,"Used pin tool, ~1uL spots"
20220407,2,Phi21,WT,Repeat,4,4,WT,All,2,5,2.00E+08,"Used pin tool, ~1uL spots"
20220407,2,Phi21,WT,Repeat,5,5,WT,All,3,5,3.00E+08,"Used pin tool, ~1uL spots"
20220407,2,Phi21,WT,Repeat,6,6,WT,All,14,6,1.40E+10,"Used pin tool, ~1uL spots"
20220407,2,Phi21,WT,Repeat,7,7,WT,All,15,5,1.50E+09,"Used pin tool, ~1uL spots"
20220407,2,Phi21,WT,Repeat,8,8,WT,All,3,5,3.00E+08,"Used pin tool, ~1uL spots"
20220407,2,Phi21,WT,Repeat,9,9,WT,All,4,5,4.00E+08,"Used pin tool, ~1uL spots"
20220407,23,Phi21-P2-T21,WT,Continue,2,1,WT,All,2,2,2.00E+05,"Used pin tool, ~1uL spots"
20220407,23,Phi21-P2-T21,WT,Continue,2,2,WT,All,3,2,3.00E+05,"Used pin tool, ~1uL spots"
20220407,23,Phi21-P2-T21,WT,Continue,2,3,WT,All,3,2,3.00E+05,"Used pin tool, ~1uL spots"
20220407,2,Phi21,WT,Repeat,1,1,C-F-,LamB,9,4,9.00E+07,"Used pin tool, ~1uL spots"
20220407,2,Phi21,WT,Repeat,2,2,C-F-,LamB,22,4,2.20E+08,"Used pin tool, ~1uL spots"
20220407,2,Phi21,WT,Repeat,3,3,C-F-,LamB,9,4,9.00E+07,"Used pin tool, ~1uL spots"
20220407,2,Phi21,WT,Repeat,4,4,C-F-,LamB,7,4,7.00E+07,"Used pin tool, ~1uL spots"
20220407,2,Phi21,WT,Repeat,5,5,C-F-,LamB,6,4,6.00E+07,"Used pin tool, ~1uL spots"
20220407,2,Phi21,WT,Repeat,6,6,C-F-,LamB,8,6,8.00E+09,"Used pin tool, ~1uL spots"
20220407,2,Phi21,WT,Repeat,7,7,C-F-,LamB,3,5,3.00E+08,"Used pin tool, ~1uL spots"
20220407,2,Phi21,WT,Repeat,8,8,C-F-,LamB,14,4,1.40E+08,"Used pin tool, ~1uL spots"
20220407,2,Phi21,WT,Repeat,9,9,C-F-,LamB,3,4,3.00E+07,"Used pin tool, ~1uL spots"
20220407,23,Phi21-P2-T21,WT,Continue,2,1,C-F-,LamB,0,0,0.00E+00,"Used pin tool, ~1uL spots"
20220407,23,Phi21-P2-T21,WT,Continue,2,2,C-F-,LamB,0,0,0.00E+00,"Used pin tool, ~1uL spots"
20220407,23,Phi21-P2-T21,WT,Continue,2,3,C-F-,LamB,0,0,0.00E+00,"Used pin tool, ~1uL spots"
20220407,2,Phi21,WT,Repeat,1,1,L-F-,OmpC,2,3,2.00E+06,"Used pin tool, ~1uL spots"
20220407,2,Phi21,WT,Repeat,2,2,L-F-,OmpC,2,3,2.00E+06,"Used pin tool, ~1uL spots"
20220407,2,Phi21,WT,Repeat,3,3,L-F-,OmpC,3,2,3.00E+05,"Used pin tool, ~1uL spots"
20220407,2,Phi21,WT,Repeat,4,4,L-F-,OmpC,5,2,5.00E+05,"Used pin tool, ~1uL spots"
20220407,2,Phi21,WT,Repeat,5,5,L-F-,OmpC,10,2,1.00E+06,"Used pin tool, ~1uL spots"
20220407,2,Phi21,WT,Repeat,6,6,L-F-,OmpC,18,6,1.80E+10,"Used pin tool, ~1uL spots"
20220407,2,Phi21,WT,Repeat,7,7,L-F-,OmpC,3,3,3.00E+06,"Used pin tool, ~1uL spots"
20220407,2,Phi21,WT,Repeat,8,8,L-F-,OmpC,4,2,4.00E+05,"Used pin tool, ~1uL spots"
20220407,2,Phi21,WT,Repeat,9,9,L-F-,OmpC,6,2,6.00E+05,"Used pin tool, ~1uL spots"
20220407,23,Phi21-P2-T21,WT,Continue,2,1,L-F-,OmpC,0,0,0.00E+00,"Used pin tool, ~1uL spots"
20220407,23,Phi21-P2-T21,WT,Continue,2,2,L-F-,OmpC,0,0,0.00E+00,"Used pin tool, ~1uL spots"
20220407,23,Phi21-P2-T21,WT,Continue,2,3,L-F-,OmpC,0,0,0.00E+00,"Used pin tool, ~1uL spots"
20220407,2,Phi21,WT,Repeat,1,1,L-C-,OmpF,0,0,0.00E+00,"Used pin tool, ~1uL spots"
20220407,2,Phi21,WT,Repeat,2,2,L-C-,OmpF,0,0,0.00E+00,"Used pin tool, ~1uL spots"
20220407,2,Phi21,WT,Repeat,3,3,L-C-,OmpF,0,0,0.00E+00,"Used pin tool, ~1uL spots"
20220407,2,Phi21,WT,Repeat,4,4,L-C-,OmpF,0,0,0.00E+00,"Used pin tool, ~1uL spots"
20220407,2,Phi21,WT,Repeat,5,5,L-C-,OmpF,0,0,0.00E+00,"Used pin tool, ~1uL spots"
20220407,2,Phi21,WT,Repeat,6,6,L-C-,OmpF,0,0,0.00E+00,"Used pin tool, ~1uL spots"
20220407,2,Phi21,WT,Repeat,7,7,L-C-,OmpF,0,0,0.00E+00,"Used pin tool, ~1uL spots"
20220407,2,Phi21,WT,Repeat,8,8,L-C-,OmpF,0,0,0.00E+00,"Used pin tool, ~1uL spots"
20220407,2,Phi21,WT,Repeat,9,9,L-C-,OmpF,0,0,0.00E+00,"Used pin tool, ~1uL spots"
20220407,23,Phi21-P2-T21,WT,Continue,2,1,L-C-,OmpF,8,1,8.00E+04,"Used pin tool, ~1uL spots"
20220407,23,Phi21-P2-T21,WT,Continue,2,2,L-C-,OmpF,39,1,3.90E+05,"Used pin tool, ~1uL spots"
20220407,23,Phi21-P2-T21,WT,Continue,2,3,L-C-,OmpF,3,1,3.00E+04,"Used pin tool, ~1uL spots"
20220408,3,Phi21,WT,Repeat,1,1,WT,All,20,7,1.00E+11,Spotted 2uL
20220408,3,Phi21,WT,Repeat,2,2,WT,All,12,7,6.00E+10,Spotted 2uL
20220408,3,Phi21,WT,Repeat,3,3,WT,All,6,6,3.00E+09,Spotted 2uL
20220408,3,Phi21,WT,Repeat,4,4,WT,All,11,7,5.50E+10,Spotted 2uL
20220408,3,Phi21,WT,Repeat,5,5,WT,All,30,7,1.50E+11,Spotted 2uL
20220408,3,Phi21,WT,Repeat,6,6,WT,All,15,7,7.50E+10,Spotted 2uL
20220408,3,Phi21,WT,Repeat,7,7,WT,All,24,6,1.20E+10,Spotted 2uL
20220408,3,Phi21,WT,Repeat,8,8,WT,All,29,7,1.45E+11,Spotted 2uL
20220408,3,Phi21,WT,Repeat,9,9,WT,All,9,5,4.50E+08,Spotted 2uL
20220408,24,Phi21-P2-T21,WT,Continue,2,1,WT,All,23,3,1.15E+07,Spotted 2uL
20220408,24,Phi21-P2-T21,WT,Continue,2,2,WT,All,9,3,4.50E+06,Spotted 2uL
20220408,24,Phi21-P2-T21,WT,Continue,2,3,WT,All,16,3,8.00E+06,Spotted 2uL
20220408,3,Phi21,WT,Repeat,1,1,C-F-,LamB,9,7,4.50E+10,Spotted 2uL
20220408,3,Phi21,WT,Repeat,2,2,C-F-,LamB,8,7,4.00E+10,Spotted 2uL
20220408,3,Phi21,WT,Repeat,3,3,C-F-,LamB,21,5,1.05E+09,Spotted 2uL
20220408,3,Phi21,WT,Repeat,4,4,C-F-,LamB,27,6,1.35E+10,Spotted 2uL
20220408,3,Phi21,WT,Repeat,5,5,C-F-,LamB,22,7,1.10E+11,Spotted 2uL
20220408,3,Phi21,WT,Repeat,6,6,C-F-,LamB,3,7,1.50E+10,Spotted 2uL
20220408,3,Phi21,WT,Repeat,7,7,C-F-,LamB,2,6,1.00E+09,Spotted 2uL
20220408,3,Phi21,WT,Repeat,8,8,C-F-,LamB,11,7,5.50E+10,Spotted 2uL
20220408,3,Phi21,WT,Repeat,9,9,C-F-,LamB,23,4,1.15E+08,Spotted 2uL
20220408,24,Phi21-P2-T21,WT,Continue,2,1,C-F-,LamB,4,2,2.00E+05,Spotted 2uL
20220408,24,Phi21-P2-T21,WT,Continue,2,2,C-F-,LamB,3,2,1.50E+05,Spotted 2uL
20220408,24,Phi21-P2-T21,WT,Continue,2,3,C-F-,LamB,0,0,0.00E+00,Spotted 2uL
20220408,3,Phi21,WT,Repeat,1,1,L-F-,OmpC,25,6,1.25E+10,Spotted 2uL
20220408,3,Phi21,WT,Repeat,2,2,L-F-,OmpC,20,6,1.00E+10,Spotted 2uL
20220408,3,Phi21,WT,Repeat,3,3,L-F-,OmpC,3,4,1.50E+07,Spotted 2uL
20220408,3,Phi21,WT,Repeat,4,4,L-F-,OmpC,25,5,1.25E+09,Spotted 2uL
20220408,3,Phi21,WT,Repeat,5,5,L-F-,OmpC,21,6,1.05E+10,Spotted 2uL
20220408,3,Phi21,WT,Repeat,6,6,L-F-,OmpC,17,6,8.50E+09,Spotted 2uL
20220408,3,Phi21,WT,Repeat,7,7,L-F-,OmpC,14,5,7.00E+08,Spotted 2uL
20220408,3,Phi21,WT,Repeat,8,8,L-F-,OmpC,45,6,2.25E+10,Spotted 2uL
20220408,3,Phi21,WT,Repeat,9,9,L-F-,OmpC,11,2,5.50E+05,Spotted 2uL
20220408,24,Phi21-P2-T21,WT,Continue,2,1,L-F-,OmpC,0,0,0.00E+00,Spotted 2uL
20220408,24,Phi21-P2-T21,WT,Continue,2,2,L-F-,OmpC,0,0,0.00E+00,Spotted 2uL
20220408,24,Phi21-P2-T21,WT,Continue,2,3,L-F-,OmpC,0,0,0.00E+00,Spotted 2uL
20220408,3,Phi21,WT,Repeat,1,1,L-C-,OmpF,0,0,0.00E+00,Spotted 2uL
20220408,3,Phi21,WT,Repeat,2,2,L-C-,OmpF,0,0,0.00E+00,Spotted 2uL
20220408,3,Phi21,WT,Repeat,3,3,L-C-,OmpF,0,0,0.00E+00,Spotted 2uL
20220408,3,Phi21,WT,Repeat,4,4,L-C-,OmpF,0,0,0.00E+00,Spotted 2uL
20220408,3,Phi21,WT,Repeat,5,5,L-C-,OmpF,0,0,0.00E+00,Spotted 2uL
20220408,3,Phi21,WT,Repeat,6,6,L-C-,OmpF,0,0,0.00E+00,Spotted 2uL
20220408,3,Phi21,WT,Repeat,7,7,L-C-,OmpF,0,0,0.00E+00,Spotted 2uL
20220408,3,Phi21,WT,Repeat,8,8,L-C-,OmpF,0,0,0.00E+00,Spotted 2uL
20220408,3,Phi21,WT,Repeat,9,9,L-C-,OmpF,0,0,0.00E+00,Spotted 2uL
20220408,24,Phi21-P2-T21,WT,Continue,2,1,L-C-,OmpF,14,3,7.00E+06,Spotted 2uL
20220408,24,Phi21-P2-T21,WT,Continue,2,2,L-C-,OmpF,11,3,5.50E+06,Spotted 2uL
20220408,24,Phi21-P2-T21,WT,Continue,2,3,L-C-,OmpF,12,3,6.00E+06,Spotted 2uL
20220409,4,Phi21,WT,Repeat,1,1,WT,All,22,7,1.10E+11,Spotted 2uL
20220409,4,Phi21,WT,Repeat,2,2,WT,All,10,7,5.00E+10,Spotted 2uL
20220409,4,Phi21,WT,Repeat,3,3,WT,All,13,7,6.50E+10,Spotted 2uL
20220409,4,Phi21,WT,Repeat,4,4,WT,All,20,7,1.00E+11,Spotted 2uL
20220409,4,Phi21,WT,Repeat,5,5,WT,All,16,7,8.00E+10,Spotted 2uL
20220409,4,Phi21,WT,Repeat,6,6,WT,All,13,6,6.50E+09,Spotted 2uL
20220409,4,Phi21,WT,Repeat,7,7,WT,All,12,6,6.00E+09,Spotted 2uL
20220409,4,Phi21,WT,Repeat,8,8,WT,All,8,7,4.00E+10,Spotted 2uL
20220409,4,Phi21,WT,Repeat,9,9,WT,All,27,7,1.35E+11,Spotted 2uL
20220409,25,Phi21-P2-T21,WT,Continue,2,1,WT,All,15,4,7.50E+07,Spotted 2uL
20220409,25,Phi21-P2-T21,WT,Continue,2,2,WT,All,10,4,5.00E+07,Spotted 2uL
20220409,25,Phi21-P2-T21,WT,Continue,2,3,WT,All,10,4,5.00E+07,Spotted 2uL
20220409,4,Phi21,WT,Repeat,1,1,C-F-,LamB,3,7,1.50E+10,Spotted 2uL
20220409,4,Phi21,WT,Repeat,2,2,C-F-,LamB,6,7,3.00E+10,Spotted 2uL
20220409,4,Phi21,WT,Repeat,3,3,C-F-,LamB,9,7,4.50E+10,Spotted 2uL
20220409,4,Phi21,WT,Repeat,4,4,C-F-,LamB,6,7,3.00E+10,Spotted 2uL
20220409,4,Phi21,WT,Repeat,5,5,C-F-,LamB,10,7,5.00E+10,Spotted 2uL
20220409,4,Phi21,WT,Repeat,6,6,C-F-,LamB,14,5,7.00E+08,Spotted 2uL
20220409,4,Phi21,WT,Repeat,7,7,C-F-,LamB,10,6,5.00E+09,Spotted 2uL
20220409,4,Phi21,WT,Repeat,8,8,C-F-,LamB,3,7,1.50E+10,Spotted 2uL
20220409,4,Phi21,WT,Repeat,9,9,C-F-,LamB,8,7,4.00E+10,Spotted 2uL
20220409,25,Phi21-P2-T21,WT,Continue,2,1,C-F-,LamB,26,3,1.30E+07,Spotted 2uL
20220409,25,Phi21-P2-T21,WT,Continue,2,2,C-F-,LamB,16,3,8.00E+06,Spotted 2uL
20220409,25,Phi21-P2-T21,WT,Continue,2,3,C-F-,LamB,0,0,0.00E+00,Spotted 2uL
20220409,4,Phi21,WT,Repeat,1,1,L-F-,OmpC,9,7,4.50E+10,Spotted 2uL
20220409,4,Phi21,WT,Repeat,2,2,L-F-,OmpC,15,6,7.50E+09,Spotted 2uL
20220409,4,Phi21,WT,Repeat,3,3,L-F-,OmpC,21,6,1.05E+10,Spotted 2uL
20220409,4,Phi21,WT,Repeat,4,4,L-F-,OmpC,13,6,6.50E+09,Spotted 2uL
20220409,4,Phi21,WT,Repeat,5,5,L-F-,OmpC,11,6,5.50E+09,Spotted 2uL
20220409,4,Phi21,WT,Repeat,6,6,L-F-,OmpC,3,6,1.50E+09,Spotted 2uL
20220409,4,Phi21,WT,Repeat,7,7,L-F-,OmpC,11,5,5.50E+08,Spotted 2uL
20220409,4,Phi21,WT,Repeat,8,8,L-F-,OmpC,11,6,5.50E+09,Spotted 2uL
20220409,4,Phi21,WT,Repeat,9,9,L-F-,OmpC,13,6,6.50E+09,Spotted 2uL
20220409,25,Phi21-P2-T21,WT,Continue,2,1,L-F-,OmpC,0,0,0.00E+00,Spotted 2uL
20220409,25,Phi21-P2-T21,WT,Continue,2,2,L-F-,OmpC,0,0,0.00E+00,Spotted 2uL
20220409,25,Phi21-P2-T21,WT,Continue,2,3,L-F-,OmpC,0,0,0.00E+00,Spotted 2uL
20220409,4,Phi21,WT,Repeat,1,1,L-C-,OmpF,0,0,0.00E+00,Spotted 2uL
20220409,4,Phi21,WT,Repeat,2,2,L-C-,OmpF,0,0,0.00E+00,Spotted 2uL
20220409,4,Phi21,WT,Repeat,3,3,L-C-,OmpF,0,0,0.00E+00,Spotted 2uL
20220409,4,Phi21,WT,Repeat,4,4,L-C-,OmpF,0,0,0.00E+00,Spotted 2uL
20220409,4,Phi21,WT,Repeat,5,5,L-C-,OmpF,0,0,0.00E+00,Spotted 2uL
20220409,4,Phi21,WT,Repeat,6,6,L-C-,OmpF,0,0,0.00E+00,Spotted 2uL
20220409,4,Phi21,WT,Repeat,7,7,L-C-,OmpF,0,0,0.00E+00,Spotted 2uL
20220409,4,Phi21,WT,Repeat,8,8,L-C-,OmpF,0,0,0.00E+00,Spotted 2uL
20220409,4,Phi21,WT,Repeat,9,9,L-C-,OmpF,0,0,0.00E+00,Spotted 2uL
20220409,25,Phi21-P2-T21,WT,Continue,2,1,L-C-,OmpF,14,4,7.00E+07,Spotted 2uL
20220409,25,Phi21-P2-T21,WT,Continue,2,2,L-C-,OmpF,8,4,4.00E+07,Spotted 2uL
20220409,25,Phi21-P2-T21,WT,Continue,2,3,L-C-,OmpF,1,4,5.00E+06,Spotted 2uL
20220410,5,Phi21,WT,Repeat,1,1,WT,All,8,7,4.00E+10,Spotted 2uL
20220410,5,Phi21,WT,Repeat,2,2,WT,All,3,7,1.50E+10,Spotted 2uL
20220410,5,Phi21,WT,Repeat,3,3,WT,All,9,6,4.50E+09,Spotted 2uL
20220410,5,Phi21,WT,Repeat,4,4,WT,All,4,7,2.00E+10,Spotted 2uL
20220410,5,Phi21,WT,Repeat,5,5,WT,All,9,7,4.50E+10,Spotted 2uL
20220410,5,Phi21,WT,Repeat,6,6,WT,All,11,5,5.50E+08,Spotted 2uL
20220410,5,Phi21,WT,Repeat,7,7,WT,All,11,5,5.50E+08,Spotted 2uL
20220410,5,Phi21,WT,Repeat,8,8,WT,All,19,6,9.50E+09,Spotted 2uL
20220410,5,Phi21,WT,Repeat,9,9,WT,All,15,6,7.50E+09,Spotted 2uL
20220410,26,Phi21-P2-T21,WT,Continue,2,1,WT,All,5,6,2.50E+09,Spotted 2uL
20220410,26,Phi21-P2-T21,WT,Continue,2,2,WT,All,25,6,1.25E+10,Spotted 2uL
20220410,26,Phi21-P2-T21,WT,Continue,2,3,WT,All,4,5,2.00E+08,Spotted 2uL
20220410,5,Phi21,WT,Repeat,1,1,C-F-,LamB,5,6,2.50E+09,Spotted 2uL
20220410,5,Phi21,WT,Repeat,2,2,C-F-,LamB,17,6,8.50E+09,Spotted 2uL
20220410,5,Phi21,WT,Repeat,3,3,C-F-,LamB,2,6,1.00E+09,Spotted 2uL
20220410,5,Phi21,WT,Repeat,4,4,C-F-,LamB,12,6,6.00E+09,Spotted 2uL
20220410,5,Phi21,WT,Repeat,5,5,C-F-,LamB,5,6,2.50E+09,Spotted 2uL
20220410,5,Phi21,WT,Repeat,6,6,C-F-,LamB,5,5,2.50E+08,Spotted 2uL
20220410,5,Phi21,WT,Repeat,7,7,C-F-,LamB,8,5,4.00E+08,Spotted 2uL
20220410,5,Phi21,WT,Repeat,8,8,C-F-,LamB,6,6,3.00E+09,Spotted 2uL
20220410,5,Phi21,WT,Repeat,9,9,C-F-,LamB,4,6,2.00E+09,Spotted 2uL
20220410,26,Phi21-P2-T21,WT,Continue,2,1,C-F-,LamB,14,5,7.00E+08,Spotted 2uL
20220410,26,Phi21-P2-T21,WT,Continue,2,2,C-F-,LamB,11,5,5.50E+08,Spotted 2uL
20220410,26,Phi21-P2-T21,WT,Continue,2,3,C-F-,LamB,0,0,0.00E+00,Spotted 2uL
20220410,5,Phi21,WT,Repeat,1,1,L-F-,OmpC,7,7,3.50E+10,Spotted 2uL
20220410,5,Phi21,WT,Repeat,2,2,L-F-,OmpC,10,6,5.00E+09,Spotted 2uL
20220410,5,Phi21,WT,Repeat,3,3,L-F-,OmpC,3,6,1.50E+09,Spotted 2uL
20220410,5,Phi21,WT,Repeat,4,4,L-F-,OmpC,9,6,4.50E+09,Spotted 2uL
20220410,5,Phi21,WT,Repeat,5,5,L-F-,OmpC,9,7,4.50E+10,Spotted 2uL
20220410,5,Phi21,WT,Repeat,6,6,L-F-,OmpC,9,4,4.50E+07,Spotted 2uL
20220410,5,Phi21,WT,Repeat,7,7,L-F-,OmpC,10,4,5.00E+07,Spotted 2uL
20220410,5,Phi21,WT,Repeat,8,8,L-F-,OmpC,17,5,8.50E+08,Spotted 2uL
20220410,5,Phi21,WT,Repeat,9,9,L-F-,OmpC,19,5,9.50E+08,Spotted 2uL
20220410,26,Phi21-P2-T21,WT,Continue,2,1,L-F-,OmpC,0,0,0.00E+00,Spotted 2uL
20220410,26,Phi21-P2-T21,WT,Continue,2,2,L-F-,OmpC,0,0,0.00E+00,Spotted 2uL
20220410,26,Phi21-P2-T21,WT,Continue,2,3,L-F-,OmpC,0,0,0.00E+00,Spotted 2uL
20220410,5,Phi21,WT,Repeat,1,1,L-C-,OmpF,0,0,0.00E+00,Spotted 2uL
20220410,5,Phi21,WT,Repeat,2,2,L-C-,OmpF,0,0,0.00E+00,Spotted 2uL
20220410,5,Phi21,WT,Repeat,3,3,L-C-,OmpF,0,0,0.00E+00,Spotted 2uL
20220410,5,Phi21,WT,Repeat,4,4,L-C-,OmpF,0,0,0.00E+00,Spotted 2uL
20220410,5,Phi21,WT,Repeat,5,5,L-C-,OmpF,0,0,0.00E+00,Spotted 2uL
20220410,5,Phi21,WT,Repeat,6,6,L-C-,OmpF,0,0,0.00E+00,Spotted 2uL
20220410,5,Phi21,WT,Repeat,7,7,L-C-,OmpF,0,0,0.00E+00,Spotted 2uL
20220410,5,Phi21,WT,Repeat,8,8,L-C-,OmpF,0,0,0.00E+00,Spotted 2uL
20220410,5,Phi21,WT,Repeat,9,9,L-C-,OmpF,0,0,0.00E+00,Spotted 2uL
20220410,26,Phi21-P2-T21,WT,Continue,2,1,L-C-,OmpF,30,5,1.50E+09,Spotted 2uL
20220410,26,Phi21-P2-T21,WT,Continue,2,2,L-C-,OmpF,22,6,1.10E+10,Spotted 2uL
20220410,26,Phi21-P2-T21,WT,Continue,2,3,L-C-,OmpF,29,4,1.45E+08,Spotted 2uL
20220411,6,Phi21,WT,Repeat,1,1,WT,All,12,6,6.00E+09,Spotted 2uL
20220411,6,Phi21,WT,Repeat,2,2,WT,All,5,7,2.50E+10,Spotted 2uL
20220411,6,Phi21,WT,Repeat,3,3,WT,All,4,6,2.00E+09,Spotted 2uL
20220411,6,Phi21,WT,Repeat,4,4,WT,All,23,6,1.15E+10,Spotted 2uL
20220411,6,Phi21,WT,Repeat,5,5,WT,All,2,6,1.00E+09,Spotted 2uL
20220411,6,Phi21,WT,Repeat,6,6,WT,All,7,6,3.50E+09,Spotted 2uL
20220411,6,Phi21,WT,Repeat,7,7,WT,All,18,6,9.00E+09,Spotted 2uL
20220411,6,Phi21,WT,Repeat,8,8,WT,All,3,6,1.50E+09,Spotted 2uL
20220411,6,Phi21,WT,Repeat,9,9,WT,All,22,5,1.10E+09,Spotted 2uL
20220411,27,Phi21-P2-T21,WT,Continue,2,1,WT,All,3,6,1.50E+09,Spotted 2uL
20220411,27,Phi21-P2-T21,WT,Continue,2,2,WT,All,10,5,5.00E+08,Spotted 2uL
20220411,27,Phi21-P2-T21,WT,Continue,2,3,WT,All,5,6,2.50E+09,Spotted 2uL
20220411,6,Phi21,WT,Repeat,1,1,C-F-,LamB,16,5,8.00E+08,Spotted 2uL
20220411,6,Phi21,WT,Repeat,2,2,C-F-,LamB,10,6,5.00E+09,Spotted 2uL
20220411,6,Phi21,WT,Repeat,3,3,C-F-,LamB,23,5,1.15E+09,Spotted 2uL
20220411,6,Phi21,WT,Repeat,4,4,C-F-,LamB,26,5,1.30E+09,Spotted 2uL
20220411,6,Phi21,WT,Repeat,5,5,C-F-,LamB,5,5,2.50E+08,Spotted 2uL
20220411,6,Phi21,WT,Repeat,6,6,C-F-,LamB,12,5,6.00E+08,Spotted 2uL
20220411,6,Phi21,WT,Repeat,7,7,C-F-,LamB,4,6,2.00E+09,Spotted 2uL
20220411,6,Phi21,WT,Repeat,8,8,C-F-,LamB,13,5,6.50E+08,Spotted 2uL
20220411,6,Phi21,WT,Repeat,9,9,C-F-,LamB,11,5,5.50E+08,Spotted 2uL
20220411,27,Phi21-P2-T21,WT,Continue,2,1,C-F-,LamB,7,4,3.50E+07,Spotted 2uL
20220411,27,Phi21-P2-T21,WT,Continue,2,2,C-F-,LamB,4,3,2.00E+06,Spotted 2uL
20220411,27,Phi21-P2-T21,WT,Continue,2,3,C-F-,LamB,0,0,0.00E+00,Spotted 2uL
20220411,6,Phi21,WT,Repeat,1,1,L-F-,OmpC,11,6,5.50E+09,Spotted 2uL
20220411,6,Phi21,WT,Repeat,2,2,L-F-,OmpC,4,7,2.00E+10,Spotted 2uL
20220411,6,Phi21,WT,Repeat,3,3,L-F-,OmpC,4,6,2.00E+09,Spotted 2uL
20220411,6,Phi21,WT,Repeat,4,4,L-F-,OmpC,17,6,8.50E+09,Spotted 2uL
20220411,6,Phi21,WT,Repeat,5,5,L-F-,OmpC,5,6,2.50E+09,Spotted 2uL
20220411,6,Phi21,WT,Repeat,6,6,L-F-,OmpC,3,5,1.50E+08,Spotted 2uL
20220411,6,Phi21,WT,Repeat,7,7,L-F-,OmpC,5,6,2.50E+09,Spotted 2uL
20220411,6,Phi21,WT,Repeat,8,8,L-F-,OmpC,3,6,1.50E+09,Spotted 2uL
20220411,6,Phi21,WT,Repeat,9,9,L-F-,OmpC,15,5,7.50E+08,Spotted 2uL
20220411,27,Phi21-P2-T21,WT,Continue,2,1,L-F-,OmpC,0,0,0.00E+00,Spotted 2uL
20220411,27,Phi21-P2-T21,WT,Continue,2,2,L-F-,OmpC,0,0,0.00E+00,Spotted 2uL
20220411,27,Phi21-P2-T21,WT,Continue,2,3,L-F-,OmpC,0,0,0.00E+00,Spotted 2uL
20220411,6,Phi21,WT,Repeat,1,1,L-C-,OmpF,0,0,0.00E+00,Spotted 2uL
20220411,6,Phi21,WT,Repeat,2,2,L-C-,OmpF,0,0,0.00E+00,Spotted 2uL
20220411,6,Phi21,WT,Repeat,3,3,L-C-,OmpF,0,0,0.00E+00,Spotted 2uL
20220411,6,Phi21,WT,Repeat,4,4,L-C-,OmpF,0,0,0.00E+00,Spotted 2uL
20220411,6,Phi21,WT,Repeat,5,5,L-C-,OmpF,0,0,0.00E+00,Spotted 2uL
20220411,6,Phi21,WT,Repeat,6,6,L-C-,OmpF,0,0,0.00E+00,Spotted 2uL
20220411,6,Phi21,WT,Repeat,7,7,L-C-,OmpF,0,0,0.00E+00,Spotted 2uL
20220411,6,Phi21,WT,Repeat,8,8,L-C-,OmpF,0,0,0.00E+00,Spotted 2uL
20220411,6,Phi21,WT,Repeat,9,9,L-C-,OmpF,0,0,0.00E+00,Spotted 2uL
20220411,27,Phi21-P2-T21,WT,Continue,2,1,L-C-,OmpF,4,6,2.00E+09,Spotted 2uL
20220411,27,Phi21-P2-T21,WT,Continue,2,2,L-C-,OmpF,38,5,1.90E+09,Spotted 2uL
20220411,27,Phi21-P2-T21,WT,Continue,2,3,L-C-,OmpF,4,6,2.00E+09,Spotted 2uL
20220412,7,Phi21,WT,Repeat,1,1,WT,All,3,5,1.50E+08,Spotted 2uL
20220412,7,Phi21,WT,Repeat,2,2,WT,All,2,6,1.00E+09,Spotted 2uL
20220412,7,Phi21,WT,Repeat,3,3,WT,All,15,5,7.50E+08,Spotted 2uL
20220412,7,Phi21,WT,Repeat,4,4,WT,All,3,6,1.50E+09,Spotted 2uL
20220412,7,Phi21,WT,Repeat,5,5,WT,All,23,5,1.15E+09,Spotted 2uL
20220412,7,Phi21,WT,Repeat,6,6,WT,All,9,6,4.50E+09,Spotted 2uL
20220412,7,Phi21,WT,Repeat,7,7,WT,All,7,6,3.50E+09,Spotted 2uL
20220412,7,Phi21,WT,Repeat,8,8,WT,All,9,5,4.50E+08,Spotted 2uL
20220412,7,Phi21,WT,Repeat,9,9,WT,All,6,5,3.00E+08,Spotted 2uL
20220412,28,Phi21-P2-T21,WT,Continue,2,1,WT,All,15,5,7.50E+08,Spotted 2uL
20220412,28,Phi21-P2-T21,WT,Continue,2,2,WT,All,19,5,9.50E+08,Spotted 2uL
20220412,28,Phi21-P2-T21,WT,Continue,2,3,WT,All,22,5,1.10E+09,Spotted 2uL
20220412,7,Phi21,WT,Repeat,1,1,C-F-,LamB,8,4,4.00E+07,Spotted 2uL
20220412,7,Phi21,WT,Repeat,2,2,C-F-,LamB,5,5,2.50E+08,Spotted 2uL
20220412,7,Phi21,WT,Repeat,3,3,C-F-,LamB,10,5,5.00E+08,Spotted 2uL
20220412,7,Phi21,WT,Repeat,4,4,C-F-,LamB,30,4,1.50E+08,Spotted 2uL
20220412,7,Phi21,WT,Repeat,5,5,C-F-,LamB,25,4,1.25E+08,Spotted 2uL
20220412,7,Phi21,WT,Repeat,6,6,C-F-,LamB,29,5,1.45E+09,Spotted 2uL
20220412,7,Phi21,WT,Repeat,7,7,C-F-,LamB,9,6,4.50E+09,Spotted 2uL
20220412,7,Phi21,WT,Repeat,8,8,C-F-,LamB,18,4,9.00E+07,Spotted 2uL
20220412,7,Phi21,WT,Repeat,9,9,C-F-,LamB,22,4,1.10E+08,Spotted 2uL
20220412,28,Phi21-P2-T21,WT,Continue,2,1,C-F-,LamB,8,1,4.00E+04,Spotted 2uL
20220412,28,Phi21-P2-T21,WT,Continue,2,2,C-F-,LamB,25,2,1.25E+06,Spotted 2uL
20220412,28,Phi21-P2-T21,WT,Continue,2,3,C-F-,LamB,0,0,0.00E+00,Spotted 2uL
20220412,7,Phi21,WT,Repeat,1,1,L-F-,OmpC,14,4,7.00E+07,Spotted 2uL
20220412,7,Phi21,WT,Repeat,2,2,L-F-,OmpC,16,5,8.00E+08,Spotted 2uL
20220412,7,Phi21,WT,Repeat,3,3,L-F-,OmpC,9,5,4.50E+08,Spotted 2uL
20220412,7,Phi21,WT,Repeat,4,4,L-F-,OmpC,4,6,2.00E+09,Spotted 2uL
20220412,7,Phi21,WT,Repeat,5,5,L-F-,OmpC,8,5,4.00E+08,Spotted 2uL
20220412,7,Phi21,WT,Repeat,6,6,L-F-,OmpC,23,4,1.15E+08,Spotted 2uL
20220412,7,Phi21,WT,Repeat,7,7,L-F-,OmpC,6,6,3.00E+09,Spotted 2uL
20220412,7,Phi21,WT,Repeat,8,8,L-F-,OmpC,7,4,3.50E+07,Spotted 2uL
20220412,7,Phi21,WT,Repeat,9,9,L-F-,OmpC,14,4,7.00E+07,Spotted 2uL
20220412,28,Phi21-P2-T21,WT,Continue,2,1,L-F-,OmpC,0,0,0.00E+00,Spotted 2uL
20220412,28,Phi21-P2-T21,WT,Continue,2,2,L-F-,OmpC,0,0,0.00E+00,Spotted 2uL
20220412,28,Phi21-P2-T21,WT,Continue,2,3,L-F-,OmpC,0,0,0.00E+00,Spotted 2uL
20220412,7,Phi21,WT,Repeat,1,1,L-C-,OmpF,0,0,0.00E+00,Spotted 2uL
20220412,7,Phi21,WT,Repeat,2,2,L-C-,OmpF,0,0,0.00E+00,Spotted 2uL
20220412,7,Phi21,WT,Repeat,3,3,L-C-,OmpF,0,0,0.00E+00,Spotted 2uL
20220412,7,Phi21,WT,Repeat,4,4,L-C-,OmpF,0,0,0.00E+00,Spotted 2uL
20220412,7,Phi21,WT,Repeat,5,5,L-C-,OmpF,0,0,0.00E+00,Spotted 2uL
20220412,7,Phi21,WT,Repeat,6,6,L-C-,OmpF,0,0,0.00E+00,Spotted 2uL
20220412,7,Phi21,WT,Repeat,7,7,L-C-,OmpF,0,0,0.00E+00,Spotted 2uL
20220412,7,Phi21,WT,Repeat,8,8,L-C-,OmpF,0,0,0.00E+00,Spotted 2uL
20220412,7,Phi21,WT,Repeat,9,9,L-C-,OmpF,0,0,0.00E+00,Spotted 2uL
20220412,28,Phi21-P2-T21,WT,Continue,2,1,L-C-,OmpF,4,5,2.00E+08,Spotted 2uL
20220412,28,Phi21-P2-T21,WT,Continue,2,2,L-C-,OmpF,22,5,1.10E+09,Spotted 2uL
20220412,28,Phi21-P2-T21,WT,Continue,2,3,L-C-,OmpF,37,5,1.85E+09,Spotted 2uL
20220413,8,Phi21,WT,Repeat,1,1,WT,All,7,5,3.50E+08,Spotted 2uL
20220413,8,Phi21,WT,Repeat,2,2,WT,All,13,5,6.50E+08,Spotted 2uL
20220413,8,Phi21,WT,Repeat,3,3,WT,All,21,5,1.05E+09,Spotted 2uL
20220413,8,Phi21,WT,Repeat,4,4,WT,All,6,4,3.00E+07,Spotted 2uL
20220413,8,Phi21,WT,Repeat,5,5,WT,All,14,5,7.00E+08,Spotted 2uL
20220413,8,Phi21,WT,Repeat,6,6,WT,All,4,6,2.00E+09,Spotted 2uL
20220413,8,Phi21,WT,Repeat,7,7,WT,All,10,6,5.00E+09,Spotted 2uL
20220413,8,Phi21,WT,Repeat,8,8,WT,All,15,6,7.50E+09,Spotted 2uL
20220413,8,Phi21,WT,Repeat,9,9,WT,All,7,5,3.50E+08,Spotted 2uL
20220413,29,Phi21-P2-T21,WT,Continue,2,1,WT,All,3,6,1.50E+09,Spotted 2uL
20220413,29,Phi21-P2-T21,WT,Continue,2,2,WT,All,7,6,3.50E+09,Spotted 2uL
20220413,29,Phi21-P2-T21,WT,Continue,2,3,WT,All,4,6,2.00E+09,Spotted 2uL
20220413,8,Phi21,WT,Repeat,1,1,C-F-,LamB,3,5,1.50E+08,Spotted 2uL
20220413,8,Phi21,WT,Repeat,2,2,C-F-,LamB,13,4,6.50E+07,Spotted 2uL
20220413,8,Phi21,WT,Repeat,3,3,C-F-,LamB,11,5,5.50E+08,Spotted 2uL
20220413,8,Phi21,WT,Repeat,4,4,C-F-,LamB,5,3,2.50E+06,Spotted 2uL
20220413,8,Phi21,WT,Repeat,5,5,C-F-,LamB,4,5,2.00E+08,Spotted 2uL
20220413,8,Phi21,WT,Repeat,6,6,C-F-,LamB,16,5,8.00E+08,Spotted 2uL
20220413,8,Phi21,WT,Repeat,7,7,C-F-,LamB,6,6,3.00E+09,Spotted 2uL
20220413,8,Phi21,WT,Repeat,8,8,C-F-,LamB,29,5,1.45E+09,Spotted 2uL
20220413,8,Phi21,WT,Repeat,9,9,C-F-,LamB,13,4,6.50E+07,Spotted 2uL
20220413,29,Phi21-P2-T21,WT,Continue,2,1,C-F-,LamB,8,0,4.00E+03,Spotted 2uL
20220413,29,Phi21-P2-T21,WT,Continue,2,2,C-F-,LamB,6,5,3.00E+08,Spotted 2uL
20220413,29,Phi21-P2-T21,WT,Continue,2,3,C-F-,LamB,0,0,0.00E+00,Spotted 2uL
20220413,8,Phi21,WT,Repeat,1,1,L-F-,OmpC,16,4,8.00E+07,Spotted 2uL
20220413,8,Phi21,WT,Repeat,2,2,L-F-,OmpC,4,5,2.00E+08,Spotted 2uL
20220413,8,Phi21,WT,Repeat,3,3,L-F-,OmpC,7,5,3.50E+08,Spotted 2uL
20220413,8,Phi21,WT,Repeat,4,4,L-F-,OmpC,2,4,1.00E+07,Spotted 2uL
20220413,8,Phi21,WT,Repeat,5,5,L-F-,OmpC,18,4,9.00E+07,Spotted 2uL
20220413,8,Phi21,WT,Repeat,6,6,L-F-,OmpC,11,4,5.50E+07,Spotted 2uL
20220413,8,Phi21,WT,Repeat,7,7,L-F-,OmpC,5,6,2.50E+09,Spotted 2uL
20220413,8,Phi21,WT,Repeat,8,8,L-F-,OmpC,5,4,2.50E+07,Spotted 2uL
20220413,8,Phi21,WT,Repeat,9,9,L-F-,OmpC,4,5,2.00E+08,Spotted 2uL
20220413,29,Phi21-P2-T21,WT,Continue,2,1,L-F-,OmpC,0,0,0.00E+00,Spotted 2uL
20220413,29,Phi21-P2-T21,WT,Continue,2,2,L-F-,OmpC,0,0,0.00E+00,Spotted 2uL
20220413,29,Phi21-P2-T21,WT,Continue,2,3,L-F-,OmpC,0,0,0.00E+00,Spotted 2uL
20220413,8,Phi21,WT,Repeat,1,1,L-C-,OmpF,0,0,0.00E+00,Spotted 2uL
20220413,8,Phi21,WT,Repeat,2,2,L-C-,OmpF,0,0,0.00E+00,Spotted 2uL
20220413,8,Phi21,WT,Repeat,3,3,L-C-,OmpF,0,0,0.00E+00,Spotted 2uL
20220413,8,Phi21,WT,Repeat,4,4,L-C-,OmpF,0,0,0.00E+00,Spotted 2uL
20220413,8,Phi21,WT,Repeat,5,5,L-C-,OmpF,0,0,0.00E+00,Spotted 2uL
20220413,8,Phi21,WT,Repeat,6,6,L-C-,OmpF,0,0,0.00E+00,Spotted 2uL
20220413,8,Phi21,WT,Repeat,7,7,L-C-,OmpF,0,0,0.00E+00,Spotted 2uL
20220413,8,Phi21,WT,Repeat,8,8,L-C-,OmpF,0,0,0.00E+00,Spotted 2uL
20220413,8,Phi21,WT,Repeat,9,9,L-C-,OmpF,3,1,1.50E+04,Spotted 2uL
20220413,29,Phi21-P2-T21,WT,Continue,2,1,L-C-,OmpF,42,5,2.10E+09,Spotted 2uL
20220413,29,Phi21-P2-T21,WT,Continue,2,2,L-C-,OmpF,5,6,2.50E+09,Spotted 2uL
20220413,29,Phi21-P2-T21,WT,Continue,2,3,L-C-,OmpF,13,5,6.50E+08,Spotted 2uL
20220414,9,Phi21,WT,Repeat,1,1,WT,All,8,6,4.00E+09,Spotted 2uL
20220414,9,Phi21,WT,Repeat,2,2,WT,All,5,6,2.50E+09,Spotted 2uL
20220414,9,Phi21,WT,Repeat,3,3,WT,All,3,6,1.50E+09,Spotted 2uL
20220414,9,Phi21,WT,Repeat,4,4,WT,All,27,5,1.35E+09,Spotted 2uL
20220414,9,Phi21,WT,Repeat,5,5,WT,All,9,6,4.50E+09,Spotted 2uL
20220414,9,Phi21,WT,Repeat,6,6,WT,All,7,6,3.50E+09,Spotted 2uL
20220414,9,Phi21,WT,Repeat,7,7,WT,All,13,6,6.50E+09,Spotted 2uL
20220414,9,Phi21,WT,Repeat,8,8,WT,All,15,6,7.50E+09,Spotted 2uL
20220414,9,Phi21,WT,Repeat,9,9,WT,All,17,5,8.50E+08,Spotted 2uL
20220414,30,Phi21-P2-T21,WT,Continue,2,1,WT,All,5,3,2.50E+06,Spotted 2uL
20220414,30,Phi21-P2-T21,WT,Continue,2,2,WT,All,11,4,5.50E+07,Spotted 2uL
20220414,30,Phi21-P2-T21,WT,Continue,2,3,WT,All,10,6,5.00E+09,Spotted 2uL
20220414,9,Phi21,WT,Repeat,1,1,C-F-,LamB,4,6,2.00E+09,Spotted 2uL
20220414,9,Phi21,WT,Repeat,2,2,C-F-,LamB,3,6,1.50E+09,Spotted 2uL
20220414,9,Phi21,WT,Repeat,3,3,C-F-,LamB,6,5,3.00E+08,Spotted 2uL
20220414,9,Phi21,WT,Repeat,4,4,C-F-,LamB,8,5,4.00E+08,Spotted 2uL
20220414,9,Phi21,WT,Repeat,5,5,C-F-,LamB,5,6,2.50E+09,Spotted 2uL
20220414,9,Phi21,WT,Repeat,6,6,C-F-,LamB,3,6,1.50E+09,Spotted 2uL
20220414,9,Phi21,WT,Repeat,7,7,C-F-,LamB,10,6,5.00E+09,Spotted 2uL
20220414,9,Phi21,WT,Repeat,8,8,C-F-,LamB,4,6,2.00E+09,Spotted 2uL
20220414,9,Phi21,WT,Repeat,9,9,C-F-,LamB,5,5,2.50E+08,Spotted 2uL
20220414,30,Phi21-P2-T21,WT,Continue,2,1,C-F-,LamB,0,0,0.00E+00,Spotted 2uL
20220414,30,Phi21-P2-T21,WT,Continue,2,2,C-F-,LamB,9,3,4.50E+06,Spotted 2uL
20220414,30,Phi21-P2-T21,WT,Continue,2,3,C-F-,LamB,0,0,0.00E+00,Spotted 2uL
20220414,9,Phi21,WT,Repeat,1,1,L-F-,OmpC,12,5,6.00E+08,Spotted 2uL
20220414,9,Phi21,WT,Repeat,2,2,L-F-,OmpC,6,6,3.00E+09,Spotted 2uL
20220414,9,Phi21,WT,Repeat,3,3,L-F-,OmpC,7,5,3.50E+08,Spotted 2uL
20220414,9,Phi21,WT,Repeat,4,4,L-F-,OmpC,19,3,9.50E+06,Spotted 2uL
20220414,9,Phi21,WT,Repeat,5,5,L-F-,OmpC,13,4,6.50E+07,Spotted 2uL
20220414,9,Phi21,WT,Repeat,6,6,L-F-,OmpC,13,2,6.50E+05,Spotted 2uL
20220414,9,Phi21,WT,Repeat,7,7,L-F-,OmpC,9,4,4.50E+07,Spotted 2uL
20220414,9,Phi21,WT,Repeat,8,8,L-F-,OmpC,6,3,3.00E+06,Spotted 2uL
20220414,9,Phi21,WT,Repeat,9,9,L-F-,OmpC,8,5,4.00E+08,Spotted 2uL
20220414,30,Phi21-P2-T21,WT,Continue,2,1,L-F-,OmpC,0,0,0.00E+00,Spotted 2uL
20220414,30,Phi21-P2-T21,WT,Continue,2,2,L-F-,OmpC,0,0,0.00E+00,Spotted 2uL
20220414,30,Phi21-P2-T21,WT,Continue,2,3,L-F-,OmpC,0,0,0.00E+00,Spotted 2uL
20220414,9,Phi21,WT,Repeat,1,1,L-C-,OmpF,0,0,0.00E+00,Spotted 2uL
20220414,9,Phi21,WT,Repeat,2,2,L-C-,OmpF,0,0,0.00E+00,Spotted 2uL
20220414,9,Phi21,WT,Repeat,3,3,L-C-,OmpF,0,0,0.00E+00,Spotted 2uL
20220414,9,Phi21,WT,Repeat,4,4,L-C-,OmpF,0,0,0.00E+00,Spotted 2uL
20220414,9,Phi21,WT,Repeat,5,5,L-C-,OmpF,0,0,0.00E+00,Spotted 2uL
20220414,9,Phi21,WT,Repeat,6,6,L-C-,OmpF,0,0,0.00E+00,Spotted 2uL
20220414,9,Phi21,WT,Repeat,7,7,L-C-,OmpF,0,0,0.00E+00,Spotted 2uL
20220414,9,Phi21,WT,Repeat,8,8,L-C-,OmpF,0,0,0.00E+00,Spotted 2uL
20220414,9,Phi21,WT,Repeat,9,9,L-C-,OmpF,10,3,5.00E+06,Spotted 2uL
20220414,30,Phi21-P2-T21,WT,Continue,2,1,L-C-,OmpF,6,3,3.00E+06,Spotted 2uL
20220414,30,Phi21-P2-T21,WT,Continue,2,2,L-C-,OmpF,5,4,2.50E+07,Spotted 2uL
20220414,30,Phi21-P2-T21,WT,Continue,2,3,L-C-,OmpF,35,5,1.75E+09,Spotted 2uL
20220415,10,Phi21,WT,Repeat,1,1,WT,All,10,6,5.00E+09,Spotted 2uL
20220415,10,Phi21,WT,Repeat,2,2,WT,All,13,6,6.50E+09,Spotted 2uL
20220415,10,Phi21,WT,Repeat,3,3,WT,All,18,5,9.00E+08,Spotted 2uL
20220415,10,Phi21,WT,Repeat,4,4,WT,All,2,6,1.00E+09,Spotted 2uL
20220415,10,Phi21,WT,Repeat,5,5,WT,All,9,6,4.50E+09,Spotted 2uL
20220415,10,Phi21,WT,Repeat,6,6,WT,All,3,6,1.50E+09,Spotted 2uL
20220415,10,Phi21,WT,Repeat,7,7,WT,All,16,6,8.00E+09,Spotted 2uL
20220415,10,Phi21,WT,Repeat,8,8,WT,All,14,6,7.00E+09,Spotted 2uL
20220415,10,Phi21,WT,Repeat,9,9,WT,All,6,6,3.00E+09,Spotted 2uL
20220415,31,Phi21-P2-T21,WT,Continue,2,1,WT,All,7,2,3.50E+05,Spotted 2uL
20220415,31,Phi21-P2-T21,WT,Continue,2,2,WT,All,8,3,4.00E+06,Spotted 2uL
20220415,31,Phi21-P2-T21,WT,Continue,2,3,WT,All,14,4,7.00E+07,Spotted 2uL
20220415,10,Phi21,WT,Repeat,1,1,C-F-,LamB,13,5,6.50E+08,Spotted 2uL
20220415,10,Phi21,WT,Repeat,2,2,C-F-,LamB,15,5,7.50E+08,Spotted 2uL
20220415,10,Phi21,WT,Repeat,3,3,C-F-,LamB,3,5,1.50E+08,Spotted 2uL
20220415,10,Phi21,WT,Repeat,4,4,C-F-,LamB,18,5,9.00E+08,Spotted 2uL
20220415,10,Phi21,WT,Repeat,5,5,C-F-,LamB,12,5,6.00E+08,Spotted 2uL
20220415,10,Phi21,WT,Repeat,6,6,C-F-,LamB,10,5,5.00E+08,Spotted 2uL
20220415,10,Phi21,WT,Repeat,7,7,C-F-,LamB,29,5,1.45E+09,Spotted 2uL
20220415,10,Phi21,WT,Repeat,8,8,C-F-,LamB,25,5,1.25E+09,Spotted 2uL
20220415,10,Phi21,WT,Repeat,9,9,C-F-,LamB,23,5,1.15E+09,Spotted 2uL
20220415,31,Phi21-P2-T21,WT,Continue,2,1,C-F-,LamB,0,0,0.00E+00,Spotted 2uL
20220415,31,Phi21-P2-T21,WT,Continue,2,2,C-F-,LamB,2,3,1.00E+06,Spotted 2uL
20220415,31,Phi21-P2-T21,WT,Continue,2,3,C-F-,LamB,0,0,0.00E+00,Spotted 2uL
20220415,10,Phi21,WT,Repeat,1,1,L-F-,OmpC,16,5,8.00E+08,Spotted 2uL
20220415,10,Phi21,WT,Repeat,2,2,L-F-,OmpC,22,5,1.10E+09,Spotted 2uL
20220415,10,Phi21,WT,Repeat,3,3,L-F-,OmpC,4,5,2.00E+08,Spotted 2uL
20220415,10,Phi21,WT,Repeat,4,4,L-F-,OmpC,9,4,4.50E+07,Spotted 2uL
20220415,10,Phi21,WT,Repeat,5,5,L-F-,OmpC,6,4,3.00E+07,Spotted 2uL
20220415,10,Phi21,WT,Repeat,6,6,L-F-,OmpC,31,2,1.55E+06,Spotted 2uL
20220415,10,Phi21,WT,Repeat,7,7,L-F-,OmpC,8,4,4.00E+07,Spotted 2uL
20220415,10,Phi21,WT,Repeat,8,8,L-F-,OmpC,18,3,9.00E+06,Spotted 2uL
20220415,10,Phi21,WT,Repeat,9,9,L-F-,OmpC,6,6,3.00E+09,Spotted 2uL
20220415,31,Phi21-P2-T21,WT,Continue,2,1,L-F-,OmpC,0,0,0.00E+00,Spotted 2uL
20220415,31,Phi21-P2-T21,WT,Continue,2,2,L-F-,OmpC,0,0,0.00E+00,Spotted 2uL
20220415,31,Phi21-P2-T21,WT,Continue,2,3,L-F-,OmpC,0,0,0.00E+00,Spotted 2uL
20220415,10,Phi21,WT,Repeat,1,1,L-C-,OmpF,0,0,0.00E+00,Spotted 2uL
20220415,10,Phi21,WT,Repeat,2,2,L-C-,OmpF,0,0,0.00E+00,Spotted 2uL
20220415,10,Phi21,WT,Repeat,3,3,L-C-,OmpF,0,0,0.00E+00,Spotted 2uL
20220415,10,Phi21,WT,Repeat,4,4,L-C-,OmpF,0,0,0.00E+00,Spotted 2uL
20220415,10,Phi21,WT,Repeat,5,5,L-C-,OmpF,0,0,0.00E+00,Spotted 2uL
20220415,10,Phi21,WT,Repeat,6,6,L-C-,OmpF,0,0,0.00E+00,Spotted 2uL
20220415,10,Phi21,WT,Repeat,7,7,L-C-,OmpF,0,0,0.00E+00,Spotted 2uL
20220415,10,Phi21,WT,Repeat,8,8,L-C-,OmpF,0,0,0.00E+00,Spotted 2uL
20220415,10,Phi21,WT,Repeat,9,9,L-C-,OmpF,18,4,9.00E+07,Spotted 2uL
20220415,31,Phi21-P2-T21,WT,Continue,2,1,L-C-,OmpF,7,2,3.50E+05,Spotted 2uL
20220415,31,Phi21-P2-T21,WT,Continue,2,2,L-C-,OmpF,8,4,4.00E+07,Spotted 2uL
20220415,31,Phi21-P2-T21,WT,Continue,2,3,L-C-,OmpF,10,4,5.00E+07,Spotted 2uL
20220416,11,Phi21,WT,Repeat,1,1,WT,All,7,6,3.50E+09,Spotted 2uL
20220416,11,Phi21,WT,Repeat,2,2,WT,All,16,6,8.00E+09,Spotted 2uL
20220416,11,Phi21,WT,Repeat,3,3,WT,All,2,6,1.00E+09,Spotted 2uL
20220416,11,Phi21,WT,Repeat,4,4,WT,All,9,6,4.50E+09,Spotted 2uL
20220416,11,Phi21,WT,Repeat,5,5,WT,All,4,6,2.00E+09,Spotted 2uL
20220416,11,Phi21,WT,Repeat,6,6,WT,All,12,6,6.00E+09,Spotted 2uL
20220416,11,Phi21,WT,Repeat,7,7,WT,All,11,6,5.50E+09,Spotted 2uL
20220416,11,Phi21,WT,Repeat,8,8,WT,All,19,6,9.50E+09,Spotted 2uL
20220416,11,Phi21,WT,Repeat,9,9,WT,All,8,5,4.00E+08,Spotted 2uL
20220416,32,Phi21-P2-T21,WT,Continue,2,1,WT,All,18,4,9.00E+07,Spotted 2uL
20220416,32,Phi21-P2-T21,WT,Continue,2,2,WT,All,9,2,4.50E+05,Spotted 2uL
20220416,32,Phi21-P2-T21,WT,Continue,2,3,WT,All,32,3,1.60E+07,Spotted 2uL
20220416,11,Phi21,WT,Repeat,1,1,C-F-,LamB,4,6,2.00E+09,Spotted 2uL
20220416,11,Phi21,WT,Repeat,2,2,C-F-,LamB,23,5,1.15E+09,Spotted 2uL
20220416,11,Phi21,WT,Repeat,3,3,C-F-,LamB,5,5,2.50E+08,Spotted 2uL
20220416,11,Phi21,WT,Repeat,4,4,C-F-,LamB,9,5,4.50E+08,Spotted 2uL
20220416,11,Phi21,WT,Repeat,5,5,C-F-,LamB,20,5,1.00E+09,Spotted 2uL
20220416,11,Phi21,WT,Repeat,6,6,C-F-,LamB,3,6,1.50E+09,Spotted 2uL
20220416,11,Phi21,WT,Repeat,7,7,C-F-,LamB,3,6,1.50E+09,Spotted 2uL
20220416,11,Phi21,WT,Repeat,8,8,C-F-,LamB,4,6,2.00E+09,Spotted 2uL
20220416,11,Phi21,WT,Repeat,9,9,C-F-,LamB,4,5,2.00E+08,Spotted 2uL
20220416,32,Phi21-P2-T21,WT,Continue,2,1,C-F-,LamB,0,0,0.00E+00,Spotted 2uL
20220416,32,Phi21-P2-T21,WT,Continue,2,2,C-F-,LamB,5,0,2.50E+03,Spotted 2uL
20220416,32,Phi21-P2-T21,WT,Continue,2,3,C-F-,LamB,0,0,0.00E+00,Spotted 2uL
20220416,11,Phi21,WT,Repeat,1,1,L-F-,OmpC,19,5,9.50E+08,Spotted 2uL
20220416,11,Phi21,WT,Repeat,2,2,L-F-,OmpC,3,6,1.50E+09,Spotted 2uL
20220416,11,Phi21,WT,Repeat,3,3,L-F-,OmpC,3,5,1.50E+08,Spotted 2uL
20220416,11,Phi21,WT,Repeat,4,4,L-F-,OmpC,3,5,1.50E+08,Spotted 2uL
20220416,11,Phi21,WT,Repeat,5,5,L-F-,OmpC,13,4,6.50E+07,Spotted 2uL
20220416,11,Phi21,WT,Repeat,6,6,L-F-,OmpC,10,4,5.00E+07,Spotted 2uL
20220416,11,Phi21,WT,Repeat,7,7,L-F-,OmpC,11,5,5.50E+08,Spotted 2uL
20220416,11,Phi21,WT,Repeat,8,8,L-F-,OmpC,5,4,2.50E+07,Spotted 2uL
20220416,11,Phi21,WT,Repeat,9,9,L-F-,OmpC,11,4,5.50E+07,Spotted 2uL
20220416,32,Phi21-P2-T21,WT,Continue,2,1,L-F-,OmpC,0,0,0.00E+00,Spotted 2uL
20220416,32,Phi21-P2-T21,WT,Continue,2,2,L-F-,OmpC,0,0,0.00E+00,Spotted 2uL
20220416,32,Phi21-P2-T21,WT,Continue,2,3,L-F-,OmpC,0,0,0.00E+00,Spotted 2uL
20220416,11,Phi21,WT,Repeat,1,1,L-C-,OmpF,0,0,0.00E+00,Spotted 2uL
20220416,11,Phi21,WT,Repeat,2,2,L-C-,OmpF,0,0,0.00E+00,Spotted 2uL
20220416,11,Phi21,WT,Repeat,3,3,L-C-,OmpF,0,0,0.00E+00,Spotted 2uL
20220416,11,Phi21,WT,Repeat,4,4,L-C-,OmpF,0,0,0.00E+00,Spotted 2uL
20220416,11,Phi21,WT,Repeat,5,5,L-C-,OmpF,0,0,0.00E+00,Spotted 2uL
20220416,11,Phi21,WT,Repeat,6,6,L-C-,OmpF,0,0,0.00E+00,Spotted 2uL
20220416,11,Phi21,WT,Repeat,7,7,L-C-,OmpF,0,0,0.00E+00,Spotted 2uL
20220416,11,Phi21,WT,Repeat,8,8,L-C-,OmpF,0,0,0.00E+00,Spotted 2uL
20220416,11,Phi21,WT,Repeat,9,9,L-C-,OmpF,13,3,6.50E+06,Spotted 2uL
20220416,32,Phi21-P2-T21,WT,Continue,2,1,L-C-,OmpF,18,4,9.00E+07,Spotted 2uL
20220416,32,Phi21-P2-T21,WT,Continue,2,2,L-C-,OmpF,7,2,3.50E+05,Spotted 2uL
20220416,32,Phi21-P2-T21,WT,Continue,2,3,L-C-,OmpF,22,3,1.10E+07,Spotted 2uL
20220417,12,Phi21,WT,Repeat,1,1,WT,All,5,6,2.50E+09,Spotted 2uL
20220417,12,Phi21,WT,Repeat,2,2,WT,All,11,6,5.50E+09,Spotted 2uL
20220417,12,Phi21,WT,Repeat,3,3,WT,All,4,6,2.00E+09,Spotted 2uL
20220417,12,Phi21,WT,Repeat,4,4,WT,All,9,6,4.50E+09,Spotted 2uL
20220417,12,Phi21,WT,Repeat,5,5,WT,All,10,6,5.00E+09,Spotted 2uL
20220417,12,Phi21,WT,Repeat,6,6,WT,All,6,6,3.00E+09,Spotted 2uL
20220417,12,Phi21,WT,Repeat,7,7,WT,All,10,6,5.00E+09,Spotted 2uL
20220417,12,Phi21,WT,Repeat,8,8,WT,All,12,6,6.00E+09,Spotted 2uL
20220417,12,Phi21,WT,Repeat,9,9,WT,All,24,6,1.20E+10,Spotted 2uL
20220417,33,Phi21-P2-T21,WT,Continue,2,1,WT,All,6,5,3.00E+08,Spotted 2uL
20220417,33,Phi21-P2-T21,WT,Continue,2,2,WT,All,38,3,1.90E+07,Spotted 2uL
20220417,33,Phi21-P2-T21,WT,Continue,2,3,WT,All,11,6,5.50E+09,Spotted 2uL
20220417,12,Phi21,WT,Repeat,1,1,C-F-,LamB,1,6,5.00E+08,Spotted 2uL
20220417,12,Phi21,WT,Repeat,2,2,C-F-,LamB,5,5,2.50E+08,Spotted 2uL
20220417,12,Phi21,WT,Repeat,3,3,C-F-,LamB,8,6,4.00E+09,Spotted 2uL
20220417,12,Phi21,WT,Repeat,4,4,C-F-,LamB,4,6,2.00E+09,Spotted 2uL
20220417,12,Phi21,WT,Repeat,5,5,C-F-,LamB,1,6,5.00E+08,Spotted 2uL
20220417,12,Phi21,WT,Repeat,6,6,C-F-,LamB,3,6,1.50E+09,Spotted 2uL
20220417,12,Phi21,WT,Repeat,7,7,C-F-,LamB,9,6,4.50E+09,Spotted 2uL
20220417,12,Phi21,WT,Repeat,8,8,C-F-,LamB,6,6,3.00E+09,Spotted 2uL
20220417,12,Phi21,WT,Repeat,9,9,C-F-,LamB,13,6,6.50E+09,Spotted 2uL
20220417,33,Phi21-P2-T21,WT,Continue,2,1,C-F-,LamB,0,0,0.00E+00,Spotted 2uL
20220417,33,Phi21-P2-T21,WT,Continue,2,2,C-F-,LamB,0,0,0.00E+00,Spotted 2uL
20220417,33,Phi21-P2-T21,WT,Continue,2,3,C-F-,LamB,0,6,0.00E+00,Spotted 2uL
20220417,12,Phi21,WT,Repeat,1,1,L-F-,OmpC,4,6,2.00E+09,Spotted 2uL
20220417,12,Phi21,WT,Repeat,2,2,L-F-,OmpC,8,5,4.00E+08,Spotted 2uL
20220417,12,Phi21,WT,Repeat,3,3,L-F-,OmpC,15,5,7.50E+08,Spotted 2uL
20220417,12,Phi21,WT,Repeat,4,4,L-F-,OmpC,4,5,2.00E+08,Spotted 2uL
20220417,12,Phi21,WT,Repeat,5,5,L-F-,OmpC,5,5,2.50E+08,Spotted 2uL
20220417,12,Phi21,WT,Repeat,6,6,L-F-,OmpC,3,5,1.50E+08,Spotted 2uL
20220417,12,Phi21,WT,Repeat,7,7,L-F-,OmpC,15,5,7.50E+08,Spotted 2uL
20220417,12,Phi21,WT,Repeat,8,8,L-F-,OmpC,3,5,1.50E+08,Spotted 2uL
20220417,12,Phi21,WT,Repeat,9,9,L-F-,OmpC,8,6,4.00E+09,Spotted 2uL
20220417,33,Phi21-P2-T21,WT,Continue,2,1,L-F-,OmpC,0,0,0.00E+00,Spotted 2uL
20220417,33,Phi21-P2-T21,WT,Continue,2,2,L-F-,OmpC,0,0,0.00E+00,Spotted 2uL
20220417,33,Phi21-P2-T21,WT,Continue,2,3,L-F-,OmpC,0,0,0.00E+00,Spotted 2uL
20220417,12,Phi21,WT,Repeat,1,1,L-C-,OmpF,0,0,0.00E+00,Spotted 2uL
20220417,12,Phi21,WT,Repeat,2,2,L-C-,OmpF,0,0,0.00E+00,Spotted 2uL
20220417,12,Phi21,WT,Repeat,3,3,L-C-,OmpF,0,0,0.00E+00,Spotted 2uL
20220417,12,Phi21,WT,Repeat,4,4,L-C-,OmpF,0,0,0.00E+00,Spotted 2uL
20220417,12,Phi21,WT,Repeat,5,5,L-C-,OmpF,0,0,0.00E+00,Spotted 2uL
20220417,12,Phi21,WT,Repeat,6,6,L-C-,OmpF,0,0,0.00E+00,Spotted 2uL
20220417,12,Phi21,WT,Repeat,7,7,L-C-,OmpF,0,0,0.00E+00,Spotted 2uL
20220417,12,Phi21,WT,Repeat,8,8,L-C-,OmpF,0,0,0.00E+00,Spotted 2uL
20220417,12,Phi21,WT,Repeat,9,9,L-C-,OmpF,10,6,5.00E+09,Spotted 2uL
20220417,33,Phi21-P2-T21,WT,Continue,2,1,L-C-,OmpF,4,5,2.00E+08,Spotted 2uL
20220417,33,Phi21-P2-T21,WT,Continue,2,2,L-C-,OmpF,24,5,1.20E+09,Spotted 2uL
20220417,33,Phi21-P2-T21,WT,Continue,2,3,L-C-,OmpF,25,3,1.25E+07,Spotted 2uL
20220418,13,Phi21,WT,Repeat,1,1,WT,All,4,6,2.00E+09,Spotted 2uL
20220418,13,Phi21,WT,Repeat,2,2,WT,All,7,6,3.50E+09,Spotted 2uL
20220418,13,Phi21,WT,Repeat,3,3,WT,All,4,6,2.00E+09,Spotted 2uL
20220418,13,Phi21,WT,Repeat,4,4,WT,All,4,6,2.00E+09,Spotted 2uL
20220418,13,Phi21,WT,Repeat,5,5,WT,All,18,6,9.00E+09,Spotted 2uL
20220418,13,Phi21,WT,Repeat,6,6,WT,All,9,6,4.50E+09,Spotted 2uL
20220418,13,Phi21,WT,Repeat,7,7,WT,All,17,6,8.50E+09,Spotted 2uL
20220418,13,Phi21,WT,Repeat,8,8,WT,All,15,6,7.50E+09,Spotted 2uL
20220418,13,Phi21,WT,Repeat,9,9,WT,All,2,6,1.00E+09,Spotted 2uL
20220418,34,Phi21-P2-T21,WT,Continue,2,1,WT,All,3,4,1.50E+07,Spotted 2uL
20220418,34,Phi21-P2-T21,WT,Continue,2,2,WT,All,3,5,1.50E+08,Spotted 2uL
20220418,34,Phi21-P2-T21,WT,Continue,2,3,WT,All,4,6,2.00E+09,Spotted 2uL
20220418,13,Phi21,WT,Repeat,1,1,C-F-,LamB,2,6,1.00E+09,Spotted 2uL
20220418,13,Phi21,WT,Repeat,2,2,C-F-,LamB,2,6,1.00E+09,Spotted 2uL
20220418,13,Phi21,WT,Repeat,3,3,C-F-,LamB,3,6,1.50E+09,Spotted 2uL
20220418,13,Phi21,WT,Repeat,4,4,C-F-,LamB,3,6,1.50E+09,Spotted 2uL
20220418,13,Phi21,WT,Repeat,5,5,C-F-,LamB,5,6,2.50E+09,Spotted 2uL
20220418,13,Phi21,WT,Repeat,6,6,C-F-,LamB,4,6,2.00E+09,Spotted 2uL
20220418,13,Phi21,WT,Repeat,7,7,C-F-,LamB,5,6,2.50E+09,Spotted 2uL
20220418,13,Phi21,WT,Repeat,8,8,C-F-,LamB,7,6,3.50E+09,Spotted 2uL
20220418,13,Phi21,WT,Repeat,9,9,C-F-,LamB,9,5,4.50E+08,Spotted 2uL
20220418,34,Phi21-P2-T21,WT,Continue,2,1,C-F-,LamB,0,5,0.00E+00,Spotted 2uL
20220418,34,Phi21-P2-T21,WT,Continue,2,2,C-F-,LamB,0,0,0.00E+00,Spotted 2uL
20220418,34,Phi21-P2-T21,WT,Continue,2,3,C-F-,LamB,0,0,0.00E+00,Spotted 2uL
20220418,13,Phi21,WT,Repeat,1,1,L-F-,OmpC,3,6,1.50E+09,Spotted 2uL
20220418,13,Phi21,WT,Repeat,2,2,L-F-,OmpC,3,6,1.50E+09,Spotted 2uL
20220418,13,Phi21,WT,Repeat,3,3,L-F-,OmpC,15,6,7.50E+09,Spotted 2uL
20220418,13,Phi21,WT,Repeat,4,4,L-F-,OmpC,11,5,5.50E+08,Spotted 2uL
20220418,13,Phi21,WT,Repeat,5,5,L-F-,OmpC,5,5,2.50E+08,Spotted 2uL
20220418,13,Phi21,WT,Repeat,6,6,L-F-,OmpC,20,5,1.00E+09,Spotted 2uL
20220418,13,Phi21,WT,Repeat,7,7,L-F-,OmpC,7,4,3.50E+07,Spotted 2uL
20220418,13,Phi21,WT,Repeat,8,8,L-F-,OmpC,4,5,2.00E+08,Spotted 2uL
20220418,13,Phi21,WT,Repeat,9,9,L-F-,OmpC,6,5,3.00E+08,Spotted 2uL
20220418,34,Phi21-P2-T21,WT,Continue,2,1,L-F-,OmpC,0,4,0.00E+00,Spotted 2uL
20220418,34,Phi21-P2-T21,WT,Continue,2,2,L-F-,OmpC,0,0,0.00E+00,Spotted 2uL
20220418,34,Phi21-P2-T21,WT,Continue,2,3,L-F-,OmpC,0,0,0.00E+00,Spotted 2uL
20220418,13,Phi21,WT,Repeat,1,1,L-C-,OmpF,0,0,0.00E+00,Spotted 2uL
20220418,13,Phi21,WT,Repeat,2,2,L-C-,OmpF,0,0,0.00E+00,Spotted 2uL
20220418,13,Phi21,WT,Repeat,3,3,L-C-,OmpF,0,0,0.00E+00,Spotted 2uL
20220418,13,Phi21,WT,Repeat,4,4,L-C-,OmpF,0,0,0.00E+00,Spotted 2uL
20220418,13,Phi21,WT,Repeat,5,5,L-C-,OmpF,0,0,0.00E+00,Spotted 2uL
20220418,13,Phi21,WT,Repeat,6,6,L-C-,OmpF,0,0,0.00E+00,Spotted 2uL
20220418,13,Phi21,WT,Repeat,7,7,L-C-,OmpF,0,0,0.00E+00,Spotted 2uL
20220418,13,Phi21,WT,Repeat,8,8,L-C-,OmpF,0,0,0.00E+00,Spotted 2uL
20220418,13,Phi21,WT,Repeat,9,9,L-C-,OmpF,13,5,6.50E+08,Spotted 2uL
20220418,34,Phi21-P2-T21,WT,Continue,2,1,L-C-,OmpF,3,4,1.50E+07,Spotted 2uL
20220418,34,Phi21-P2-T21,WT,Continue,2,2,L-C-,OmpF,11,4,5.50E+07,Spotted 2uL
20220418,34,Phi21-P2-T21,WT,Continue,2,3,L-C-,OmpF,27,5,1.35E+09,Spotted 2uL
20220419,14,Phi21,WT,Repeat,1,1,WT,All,5,6,2.50E+09,Spotted 2uL
20220419,14,Phi21,WT,Repeat,2,2,WT,All,6,6,3.00E+09,Spotted 2uL
20220419,14,Phi21,WT,Repeat,3,3,WT,All,7,6,3.50E+09,Spotted 2uL
20220419,14,Phi21,WT,Repeat,4,4,WT,All,6,6,3.00E+09,Spotted 2uL
20220419,14,Phi21,WT,Repeat,5,5,WT,All,6,6,3.00E+09,Spotted 2uL
20220419,14,Phi21,WT,Repeat,6,6,WT,All,6,6,3.00E+09,Spotted 2uL
20220419,14,Phi21,WT,Repeat,7,7,WT,All,9,6,4.50E+09,Spotted 2uL
20220419,14,Phi21,WT,Repeat,8,8,WT,All,12,6,6.00E+09,Spotted 2uL
20220419,14,Phi21,WT,Repeat,9,9,WT,All,7,5,3.50E+08,Spotted 2uL
20220419,35,Phi21-P2-T21,WT,Continue,2,1,WT,All,12,1,6.00E+04,Spotted 2uL
20220419,35,Phi21-P2-T21,WT,Continue,2,2,WT,All,6,4,3.00E+07,Spotted 2uL
20220419,35,Phi21-P2-T21,WT,Continue,2,3,WT,All,3,4,1.50E+07,Spotted 2uL
20220419,14,Phi21,WT,Repeat,1,1,C-F-,LamB,4,6,2.00E+09,Spotted 2uL
20220419,14,Phi21,WT,Repeat,2,2,C-F-,LamB,7,6,3.50E+09,Spotted 2uL
20220419,14,Phi21,WT,Repeat,3,3,C-F-,LamB,4,6,2.00E+09,Spotted 2uL
20220419,14,Phi21,WT,Repeat,4,4,C-F-,LamB,2,6,1.00E+09,Spotted 2uL
20220419,14,Phi21,WT,Repeat,5,5,C-F-,LamB,2,6,1.00E+09,Spotted 2uL
20220419,14,Phi21,WT,Repeat,6,6,C-F-,LamB,5,6,2.50E+09,Spotted 2uL
20220419,14,Phi21,WT,Repeat,7,7,C-F-,LamB,2,6,1.00E+09,Spotted 2uL
20220419,14,Phi21,WT,Repeat,8,8,C-F-,LamB,13,6,6.50E+09,Spotted 2uL
20220419,14,Phi21,WT,Repeat,9,9,C-F-,LamB,7,5,3.50E+08,Spotted 2uL
20220419,35,Phi21-P2-T21,WT,Continue,2,1,C-F-,LamB,0,0,0.00E+00,Spotted 2uL
20220419,35,Phi21-P2-T21,WT,Continue,2,2,C-F-,LamB,0,0,0.00E+00,Spotted 2uL
20220419,35,Phi21-P2-T21,WT,Continue,2,3,C-F-,LamB,0,0,0.00E+00,Spotted 2uL
20220419,14,Phi21,WT,Repeat,1,1,L-F-,OmpC,11,5,5.50E+08,Spotted 2uL
20220419,14,Phi21,WT,Repeat,2,2,L-F-,OmpC,6,6,3.00E+09,Spotted 2uL
20220419,14,Phi21,WT,Repeat,3,3,L-F-,OmpC,2,6,1.00E+09,Spotted 2uL
20220419,14,Phi21,WT,Repeat,4,4,L-F-,OmpC,9,5,4.50E+08,Spotted 2uL
20220419,14,Phi21,WT,Repeat,5,5,L-F-,OmpC,2,5,1.00E+08,Spotted 2uL
20220419,14,Phi21,WT,Repeat,6,6,L-F-,OmpC,3,5,1.50E+08,Spotted 2uL
20220419,14,Phi21,WT,Repeat,7,7,L-F-,OmpC,4,5,2.00E+08,Spotted 2uL
20220419,14,Phi21,WT,Repeat,8,8,L-F-,OmpC,3,5,1.50E+08,Spotted 2uL
20220419,14,Phi21,WT,Repeat,9,9,L-F-,OmpC,6,4,3.00E+07,Spotted 2uL
20220419,35,Phi21-P2-T21,WT,Continue,2,1,L-F-,OmpC,0,0,0.00E+00,Spotted 2uL
20220419,35,Phi21-P2-T21,WT,Continue,2,2,L-F-,OmpC,0,0,0.00E+00,Spotted 2uL
20220419,35,Phi21-P2-T21,WT,Continue,2,3,L-F-,OmpC,0,0,0.00E+00,Spotted 2uL
20220419,14,Phi21,WT,Repeat,1,1,L-C-,OmpF,0,0,0.00E+00,Spotted 2uL
20220419,14,Phi21,WT,Repeat,2,2,L-C-,OmpF,0,0,0.00E+00,Spotted 2uL
20220419,14,Phi21,WT,Repeat,3,3,L-C-,OmpF,0,0,0.00E+00,Spotted 2uL
20220419,14,Phi21,WT,Repeat,4,4,L-C-,OmpF,0,0,0.00E+00,Spotted 2uL
20220419,14,Phi21,WT,Repeat,5,5,L-C-,OmpF,0,0,0.00E+00,Spotted 2uL
20220419,14,Phi21,WT,Repeat,6,6,L-C-,OmpF,0,0,0.00E+00,Spotted 2uL
20220419,14,Phi21,WT,Repeat,7,7,L-C-,OmpF,0,0,0.00E+00,Spotted 2uL
20220419,14,Phi21,WT,Repeat,8,8,L-C-,OmpF,0,0,0.00E+00,Spotted 2uL
20220419,14,Phi21,WT,Repeat,9,9,L-C-,OmpF,3,5,1.50E+08,Spotted 2uL
20220419,35,Phi21-P2-T21,WT,Continue,2,1,L-C-,OmpF,6,3,3.00E+06,Spotted 2uL
20220419,35,Phi21-P2-T21,WT,Continue,2,2,L-C-,OmpF,13,4,6.50E+07,Spotted 2uL
20220419,35,Phi21-P2-T21,WT,Continue,2,3,L-C-,OmpF,22,5,1.10E+09,Spotted 2uL
20220420,15,Phi21,WT,Repeat,1,1,WT,All,8,6,4.00E+09,Spotted 2uL
20220420,15,Phi21,WT,Repeat,2,2,WT,All,14,6,7.00E+09,Spotted 2uL
20220420,15,Phi21,WT,Repeat,3,3,WT,All,8,6,4.00E+09,Spotted 2uL
20220420,15,Phi21,WT,Repeat,4,4,WT,All,10,6,5.00E+09,Spotted 2uL
20220420,15,Phi21,WT,Repeat,5,5,WT,All,6,6,3.00E+09,Spotted 2uL
20220420,15,Phi21,WT,Repeat,6,6,WT,All,10,6,5.00E+09,Spotted 2uL
20220420,15,Phi21,WT,Repeat,7,7,WT,All,9,6,4.50E+09,Spotted 2uL
20220420,15,Phi21,WT,Repeat,8,8,WT,All,14,6,7.00E+09,Spotted 2uL
20220420,15,Phi21,WT,Repeat,9,9,WT,All,5,5,2.50E+08,Spotted 2uL
20220420,36,Phi21-P2-T21,WT,Continue,2,1,WT,All,20,5,1.00E+09,Spotted 2uL
20220420,36,Phi21-P2-T21,WT,Continue,2,2,WT,All,30,5,1.50E+09,Spotted 2uL
20220420,36,Phi21-P2-T21,WT,Continue,2,3,WT,All,36,6,1.80E+10,Spotted 2uL
20220420,15,Phi21,WT,Repeat,1,1,C-F-,LamB,12,5,6.00E+08,Spotted 2uL
20220420,15,Phi21,WT,Repeat,2,2,C-F-,LamB,24,5,1.20E+09,Spotted 2uL
20220420,15,Phi21,WT,Repeat,3,3,C-F-,LamB,21,5,1.05E+09,Spotted 2uL
20220420,15,Phi21,WT,Repeat,4,4,C-F-,LamB,23,5,1.15E+09,Spotted 2uL
20220420,15,Phi21,WT,Repeat,5,5,C-F-,LamB,19,5,9.50E+08,Spotted 2uL
20220420,15,Phi21,WT,Repeat,6,6,C-F-,LamB,9,5,4.50E+08,Spotted 2uL
20220420,15,Phi21,WT,Repeat,7,7,C-F-,LamB,29,5,1.45E+09,Spotted 2uL
20220420,15,Phi21,WT,Repeat,8,8,C-F-,LamB,26,5,1.30E+09,Spotted 2uL
20220420,15,Phi21,WT,Repeat,9,9,C-F-,LamB,18,4,9.00E+07,Spotted 2uL
20220420,36,Phi21-P2-T21,WT,Continue,2,1,C-F-,LamB,0,0,0.00E+00,Spotted 2uL
20220420,36,Phi21-P2-T21,WT,Continue,2,2,C-F-,LamB,12,0,6.00E+03,Spotted 2uL
20220420,36,Phi21-P2-T21,WT,Continue,2,3,C-F-,LamB,0,0,0.00E+00,Spotted 2uL
20220420,15,Phi21,WT,Repeat,1,1,L-F-,OmpC,20,5,1.00E+09,Spotted 2uL
20220420,15,Phi21,WT,Repeat,2,2,L-F-,OmpC,6,6,3.00E+09,Spotted 2uL
20220420,15,Phi21,WT,Repeat,3,3,L-F-,OmpC,24,5,1.20E+09,Spotted 2uL
20220420,15,Phi21,WT,Repeat,4,4,L-F-,OmpC,9,5,4.50E+08,Spotted 2uL
20220420,15,Phi21,WT,Repeat,5,5,L-F-,OmpC,7,5,3.50E+08,Spotted 2uL
20220420,15,Phi21,WT,Repeat,6,6,L-F-,OmpC,3,5,1.50E+08,Spotted 2uL
20220420,15,Phi21,WT,Repeat,7,7,L-F-,OmpC,7,5,3.50E+08,Spotted 2uL
20220420,15,Phi21,WT,Repeat,8,8,L-F-,OmpC,17,4,8.50E+07,Spotted 2uL
20220420,15,Phi21,WT,Repeat,9,9,L-F-,OmpC,24,4,1.20E+08,Spotted 2uL
20220420,36,Phi21-P2-T21,WT,Continue,2,1,L-F-,OmpC,0,0,0.00E+00,Spotted 2uL
20220420,36,Phi21-P2-T21,WT,Continue,2,2,L-F-,OmpC,0,0,0.00E+00,Spotted 2uL
20220420,36,Phi21-P2-T21,WT,Continue,2,3,L-F-,OmpC,0,0,0.00E+00,Spotted 2uL
20220420,15,Phi21,WT,Repeat,1,1,L-C-,OmpF,0,0,0.00E+00,Spotted 2uL
20220420,15,Phi21,WT,Repeat,2,2,L-C-,OmpF,0,0,0.00E+00,Spotted 2uL
20220420,15,Phi21,WT,Repeat,3,3,L-C-,OmpF,0,0,0.00E+00,Spotted 2uL
20220420,15,Phi21,WT,Repeat,4,4,L-C-,OmpF,0,0,0.00E+00,Spotted 2uL
20220420,15,Phi21,WT,Repeat,5,5,L-C-,OmpF,0,0,0.00E+00,Spotted 2uL
20220420,15,Phi21,WT,Repeat,6,6,L-C-,OmpF,0,0,0.00E+00,Spotted 2uL
20220420,15,Phi21,WT,Repeat,7,7,L-C-,OmpF,0,0,0.00E+00,Spotted 2uL
20220420,15,Phi21,WT,Repeat,8,8,L-C-,OmpF,0,0,0.00E+00,Spotted 2uL
20220420,15,Phi21,WT,Repeat,9,9,L-C-,OmpF,6,4,3.00E+07,Spotted 2uL
20220420,36,Phi21-P2-T21,WT,Continue,2,1,L-C-,OmpF,25,5,1.25E+09,Spotted 2uL
20220420,36,Phi21-P2-T21,WT,Continue,2,2,L-C-,OmpF,23,5,1.15E+09,Spotted 2uL
20220420,36,Phi21-P2-T21,WT,Continue,2,3,L-C-,OmpF,12,6,6.00E+09,Spotted 2uL
20220421,16,Phi21,WT,Repeat,1,1,WT,All,4,6,2.00E+09,Spotted 2uL
20220421,16,Phi21,WT,Repeat,2,2,WT,All,13,6,6.50E+09,Spotted 2uL
20220421,16,Phi21,WT,Repeat,3,3,WT,All,11,6,5.50E+09,Spotted 2uL
20220421,16,Phi21,WT,Repeat,4,4,WT,All,10,6,5.00E+09,Spotted 2uL
20220421,16,Phi21,WT,Repeat,5,5,WT,All,14,6,7.00E+09,Spotted 2uL
20220421,16,Phi21,WT,Repeat,6,6,WT,All,8,6,4.00E+09,Spotted 2uL
20220421,16,Phi21,WT,Repeat,7,7,WT,All,15,6,7.50E+09,Spotted 2uL
20220421,16,Phi21,WT,Repeat,8,8,WT,All,17,6,8.50E+09,Spotted 2uL
20220421,16,Phi21,WT,Repeat,9,9,WT,All,6,5,3.00E+08,Spotted 2uL
20220421,37,Phi21-P2-T21,WT,Continue,2,1,WT,All,6,3,3.00E+06,Spotted 2uL
20220421,37,Phi21-P2-T21,WT,Continue,2,2,WT,All,4,2,2.00E+05,Spotted 2uL
20220421,37,Phi21-P2-T21,WT,Continue,2,3,WT,All,3,5,1.50E+08,Spotted 2uL
20220421,16,Phi21,WT,Repeat,1,1,C-F-,LamB,14,5,7.00E+08,Spotted 2uL
20220421,16,Phi21,WT,Repeat,2,2,C-F-,LamB,14,5,7.00E+08,Spotted 2uL
20220421,16,Phi21,WT,Repeat,3,3,C-F-,LamB,20,5,1.00E+09,Spotted 2uL
20220421,16,Phi21,WT,Repeat,4,4,C-F-,LamB,14,5,7.00E+08,Spotted 2uL
20220421,16,Phi21,WT,Repeat,5,5,C-F-,LamB,29,5,1.45E+09,Spotted 2uL
20220421,16,Phi21,WT,Repeat,6,6,C-F-,LamB,12,5,6.00E+08,Spotted 2uL
20220421,16,Phi21,WT,Repeat,7,7,C-F-,LamB,31,5,1.55E+09,Spotted 2uL
20220421,16,Phi21,WT,Repeat,8,8,C-F-,LamB,30,5,1.50E+09,Spotted 2uL
20220421,16,Phi21,WT,Repeat,9,9,C-F-,LamB,3,5,1.50E+08,Spotted 2uL
20220421,37,Phi21-P2-T21,WT,Continue,2,1,C-F-,LamB,0,0,0.00E+00,Spotted 2uL
20220421,37,Phi21-P2-T21,WT,Continue,2,2,C-F-,LamB,0,0,0.00E+00,Spotted 2uL
20220421,37,Phi21-P2-T21,WT,Continue,2,3,C-F-,LamB,0,0,0.00E+00,Spotted 2uL
20220421,16,Phi21,WT,Repeat,1,1,L-F-,OmpC,14,5,7.00E+08,Spotted 2uL
20220421,16,Phi21,WT,Repeat,2,2,L-F-,OmpC,17,6,8.50E+09,Spotted 2uL
20220421,16,Phi21,WT,Repeat,3,3,L-F-,OmpC,37,5,1.85E+09,Spotted 2uL
20220421,16,Phi21,WT,Repeat,4,4,L-F-,OmpC,17,4,8.50E+07,Spotted 2uL
20220421,16,Phi21,WT,Repeat,5,5,L-F-,OmpC,10,5,5.00E+08,Spotted 2uL
20220421,16,Phi21,WT,Repeat,6,6,L-F-,OmpC,9,5,4.50E+08,Spotted 2uL
20220421,16,Phi21,WT,Repeat,7,7,L-F-,OmpC,8,5,4.00E+08,Spotted 2uL
20220421,16,Phi21,WT,Repeat,8,8,L-F-,OmpC,10,4,5.00E+07,Spotted 2uL
20220421,16,Phi21,WT,Repeat,9,9,L-F-,OmpC,7,5,3.50E+08,Spotted 2uL
20220421,37,Phi21-P2-T21,WT,Continue,2,1,L-F-,OmpC,0,0,0.00E+00,Spotted 2uL
20220421,37,Phi21-P2-T21,WT,Continue,2,2,L-F-,OmpC,0,0,0.00E+00,Spotted 2uL
20220421,37,Phi21-P2-T21,WT,Continue,2,3,L-F-,OmpC,0,0,0.00E+00,Spotted 2uL
20220421,16,Phi21,WT,Repeat,1,1,L-C-,OmpF,0,0,0.00E+00,Spotted 2uL
20220421,16,Phi21,WT,Repeat,2,2,L-C-,OmpF,0,0,0.00E+00,Spotted 2uL
20220421,16,Phi21,WT,Repeat,3,3,L-C-,OmpF,0,0,0.00E+00,Spotted 2uL
20220421,16,Phi21,WT,Repeat,4,4,L-C-,OmpF,0,0,0.00E+00,Spotted 2uL
20220421,16,Phi21,WT,Repeat,5,5,L-C-,OmpF,0,0,0.00E+00,Spotted 2uL
20220421,16,Phi21,WT,Repeat,6,6,L-C-,OmpF,0,0,0.00E+00,Spotted 2uL
20220421,16,Phi21,WT,Repeat,7,7,L-C-,OmpF,0,0,0.00E+00,Spotted 2uL
20220421,16,Phi21,WT,Repeat,8,8,L-C-,OmpF,0,0,0.00E+00,Spotted 2uL
20220421,16,Phi21,WT,Repeat,9,9,L-C-,OmpF,15,3,7.50E+06,Spotted 2uL
20220421,37,Phi21-P2-T21,WT,Continue,2,1,L-C-,OmpF,5,5,2.50E+08,Spotted 2uL
20220421,37,Phi21-P2-T21,WT,Continue,2,2,L-C-,OmpF,5,2,2.50E+05,Spotted 2uL
20220421,37,Phi21-P2-T21,WT,Continue,2,3,L-C-,OmpF,13,5,6.50E+08,Spotted 2uL
20220422,17,Phi21,WT,Repeat,1,1,WT,All,17,6,8.50E+09,Spotted 2uL
20220422,17,Phi21,WT,Repeat,2,2,WT,All,74,6,3.70E+10,Spotted 2uL
20220422,17,Phi21,WT,Repeat,3,3,WT,All,83,6,4.15E+10,Spotted 2uL
20220422,17,Phi21,WT,Repeat,4,4,WT,All,70,6,3.50E+10,Spotted 2uL
20220422,17,Phi21,WT,Repeat,5,5,WT,All,75,6,3.75E+10,Spotted 2uL
20220422,17,Phi21,WT,Repeat,6,6,WT,All,42,6,2.10E+10,Spotted 2uL
20220422,17,Phi21,WT,Repeat,7,7,WT,All,62,6,3.10E+10,Spotted 2uL
20220422,17,Phi21,WT,Repeat,8,8,WT,All,73,6,3.65E+10,Spotted 2uL
20220422,17,Phi21,WT,Repeat,9,9,WT,All,24,6,1.20E+10,Spotted 2uL
20220422,38,Phi21-P2-T21,WT,Continue,2,1,WT,All,19,3,9.50E+06,Spotted 2uL
20220422,38,Phi21-P2-T21,WT,Continue,2,2,WT,All,7,6,3.50E+09,Spotted 2uL
20220422,38,Phi21-P2-T21,WT,Continue,2,3,WT,All,2,3,1.00E+06,Spotted 2uL
20220422,17,Phi21,WT,Repeat,1,1,C-F-,LamB,25,6,1.25E+10,Spotted 2uL
20220422,17,Phi21,WT,Repeat,2,2,C-F-,LamB,20,6,1.00E+10,Spotted 2uL
20220422,17,Phi21,WT,Repeat,3,3,C-F-,LamB,13,6,6.50E+09,Spotted 2uL
20220422,17,Phi21,WT,Repeat,4,4,C-F-,LamB,49,6,2.45E+10,Spotted 2uL
20220422,17,Phi21,WT,Repeat,5,5,C-F-,LamB,26,6,1.30E+10,Spotted 2uL
20220422,17,Phi21,WT,Repeat,6,6,C-F-,LamB,17,6,8.50E+09,Spotted 2uL
20220422,17,Phi21,WT,Repeat,7,7,C-F-,LamB,34,6,1.70E+10,Spotted 2uL
20220422,17,Phi21,WT,Repeat,8,8,C-F-,LamB,66,6,3.30E+10,Spotted 2uL
20220422,17,Phi21,WT,Repeat,9,9,C-F-,LamB,11,6,5.50E+09,Spotted 2uL
20220422,38,Phi21-P2-T21,WT,Continue,2,1,C-F-,LamB,0,0,0.00E+00,Spotted 2uL
20220422,38,Phi21-P2-T21,WT,Continue,2,2,C-F-,LamB,0,0,0.00E+00,Spotted 2uL
20220422,38,Phi21-P2-T21,WT,Continue,2,3,C-F-,LamB,0,0,0.00E+00,Spotted 2uL
20220422,17,Phi21,WT,Repeat,1,1,L-F-,OmpC,25,5,1.25E+09,Spotted 2uL
20220422,17,Phi21,WT,Repeat,2,2,L-F-,OmpC,51,6,2.55E+10,Spotted 2uL
20220422,17,Phi21,WT,Repeat,3,3,L-F-,OmpC,34,6,1.70E+10,Spotted 2uL
20220422,17,Phi21,WT,Repeat,4,4,L-F-,OmpC,6,5,3.00E+08,Spotted 2uL
20220422,17,Phi21,WT,Repeat,5,5,L-F-,OmpC,4,6,2.00E+09,Spotted 2uL
20220422,17,Phi21,WT,Repeat,6,6,L-F-,OmpC,3,6,1.50E+09,Spotted 2uL
20220422,17,Phi21,WT,Repeat,7,7,L-F-,OmpC,4,6,2.00E+09,Spotted 2uL
20220422,17,Phi21,WT,Repeat,8,8,L-F-,OmpC,2,6,1.00E+09,Spotted 2uL
20220422,17,Phi21,WT,Repeat,9,9,L-F-,OmpC,11,6,5.50E+09,Spotted 2uL
20220422,38,Phi21-P2-T21,WT,Continue,2,1,L-F-,OmpC,0,0,0.00E+00,Spotted 2uL
20220422,38,Phi21-P2-T21,WT,Continue,2,2,L-F-,OmpC,0,0,0.00E+00,Spotted 2uL
20220422,38,Phi21-P2-T21,WT,Continue,2,3,L-F-,OmpC,0,0,0.00E+00,Spotted 2uL
20220422,17,Phi21,WT,Repeat,1,1,L-C-,OmpF,0,0,0.00E+00,Spotted 2uL
20220422,17,Phi21,WT,Repeat,2,2,L-C-,OmpF,0,0,0.00E+00,Spotted 2uL
20220422,17,Phi21,WT,Repeat,3,3,L-C-,OmpF,0,0,0.00E+00,Spotted 2uL
20220422,17,Phi21,WT,Repeat,4,4,L-C-,OmpF,0,0,0.00E+00,Spotted 2uL
20220422,17,Phi21,WT,Repeat,5,5,L-C-,OmpF,0,0,0.00E+00,Spotted 2uL
20220422,17,Phi21,WT,Repeat,6,6,L-C-,OmpF,0,0,0.00E+00,Spotted 2uL
20220422,17,Phi21,WT,Repeat,7,7,L-C-,OmpF,0,0,0.00E+00,Spotted 2uL
20220422,17,Phi21,WT,Repeat,8,8,L-C-,OmpF,0,0,0.00E+00,Spotted 2uL
20220422,17,Phi21,WT,Repeat,9,9,L-C-,OmpF,20,3,1.00E+07,Spotted 2uL
20220422,38,Phi21-P2-T21,WT,Continue,2,1,L-C-,OmpF,3,3,1.50E+06,Spotted 2uL
20220422,38,Phi21-P2-T21,WT,Continue,2,2,L-C-,OmpF,6,4,3.00E+07,Spotted 2uL
20220422,38,Phi21-P2-T21,WT,Continue,2,3,L-C-,OmpF,5,2,2.50E+05,Spotted 2uL
20220423,18,Phi21,WT,Repeat,1,1,WT,All,6,6,3.00E+09,Spotted 2uL
20220423,18,Phi21,WT,Repeat,2,2,WT,All,6,6,3.00E+09,Spotted 2uL
20220423,18,Phi21,WT,Repeat,3,3,WT,All,15,6,7.50E+09,Spotted 2uL
20220423,18,Phi21,WT,Repeat,4,4,WT,All,4,6,2.00E+09,Spotted 2uL
20220423,18,Phi21,WT,Repeat,5,5,WT,All,9,6,4.50E+09,Spotted 2uL
20220423,18,Phi21,WT,Repeat,6,6,WT,All,10,6,5.00E+09,Spotted 2uL
20220423,18,Phi21,WT,Repeat,7,7,WT,All,8,6,4.00E+09,Spotted 2uL
20220423,18,Phi21,WT,Repeat,8,8,WT,All,13,6,6.50E+09,Spotted 2uL
20220423,18,Phi21,WT,Repeat,9,9,WT,All,14,6,7.00E+09,Spotted 2uL
20220423,39,Phi21-P2-T21,WT,Continue,2,1,WT,All,10,2,5.00E+05,Spotted 2uL
20220423,39,Phi21-P2-T21,WT,Continue,2,2,WT,All,19,3,9.50E+06,Spotted 2uL
20220423,39,Phi21-P2-T21,WT,Continue,2,3,WT,All,1,0,5.00E+02,Spotted 2uL
20220423,18,Phi21,WT,Repeat,1,1,C-F-,LamB,10,5,5.00E+08,Spotted 2uL
20220423,18,Phi21,WT,Repeat,2,2,C-F-,LamB,17,5,8.50E+08,Spotted 2uL
20220423,18,Phi21,WT,Repeat,3,3,C-F-,LamB,22,5,1.10E+09,Spotted 2uL
20220423,18,Phi21,WT,Repeat,4,4,C-F-,LamB,24,5,1.20E+09,Spotted 2uL
20220423,18,Phi21,WT,Repeat,5,5,C-F-,LamB,21,5,1.05E+09,Spotted 2uL
20220423,18,Phi21,WT,Repeat,6,6,C-F-,LamB,15,5,7.50E+08,Spotted 2uL
20220423,18,Phi21,WT,Repeat,7,7,C-F-,LamB,16,5,8.00E+08,Spotted 2uL
20220423,18,Phi21,WT,Repeat,8,8,C-F-,LamB,13,5,6.50E+08,Spotted 2uL
20220423,18,Phi21,WT,Repeat,9,9,C-F-,LamB,37,5,1.85E+09,Spotted 2uL
20220423,39,Phi21-P2-T21,WT,Continue,2,1,C-F-,LamB,0,0,0.00E+00,Spotted 2uL
20220423,39,Phi21-P2-T21,WT,Continue,2,2,C-F-,LamB,0,0,0.00E+00,Spotted 2uL
20220423,39,Phi21-P2-T21,WT,Continue,2,3,C-F-,LamB,0,0,0.00E+00,Spotted 2uL
20220423,18,Phi21,WT,Repeat,1,1,L-F-,OmpC,15,4,7.50E+07,Spotted 2uL
20220423,18,Phi21,WT,Repeat,2,2,L-F-,OmpC,8,5,4.00E+08,Spotted 2uL
20220423,18,Phi21,WT,Repeat,3,3,L-F-,OmpC,6,5,3.00E+08,Spotted 2uL
20220423,18,Phi21,WT,Repeat,4,4,L-F-,OmpC,9,3,4.50E+06,Spotted 2uL
20220423,18,Phi21,WT,Repeat,5,5,L-F-,OmpC,6,4,3.00E+07,Spotted 2uL
20220423,18,Phi21,WT,Repeat,6,6,L-F-,OmpC,4,4,2.00E+07,Spotted 2uL
20220423,18,Phi21,WT,Repeat,7,7,L-F-,OmpC,4,5,2.00E+08,Spotted 2uL
20220423,18,Phi21,WT,Repeat,8,8,L-F-,OmpC,15,3,7.50E+06,Spotted 2uL
20220423,18,Phi21,WT,Repeat,9,9,L-F-,OmpC,18,4,9.00E+07,Spotted 2uL
20220423,39,Phi21-P2-T21,WT,Continue,2,1,L-F-,OmpC,0,0,0.00E+00,Spotted 2uL
20220423,39,Phi21-P2-T21,WT,Continue,2,2,L-F-,OmpC,0,0,0.00E+00,Spotted 2uL
20220423,39,Phi21-P2-T21,WT,Continue,2,3,L-F-,OmpC,0,0,0.00E+00,Spotted 2uL
20220423,18,Phi21,WT,Repeat,1,1,L-C-,OmpF,0,0,0.00E+00,Spotted 2uL
20220423,18,Phi21,WT,Repeat,2,2,L-C-,OmpF,0,0,0.00E+00,Spotted 2uL
20220423,18,Phi21,WT,Repeat,3,3,L-C-,OmpF,5,5,2.50E+08,Spotted 2uL
20220423,18,Phi21,WT,Repeat,4,4,L-C-,OmpF,0,0,0.00E+00,Spotted 2uL
20220423,18,Phi21,WT,Repeat,5,5,L-C-,OmpF,0,0,0.00E+00,Spotted 2uL
20220423,18,Phi21,WT,Repeat,6,6,L-C-,OmpF,0,0,0.00E+00,Spotted 2uL
20220423,18,Phi21,WT,Repeat,7,7,L-C-,OmpF,0,0,0.00E+00,Spotted 2uL
20220423,18,Phi21,WT,Repeat,8,8,L-C-,OmpF,0,0,0.00E+00,Spotted 2uL
20220423,18,Phi21,WT,Repeat,9,9,L-C-,OmpF,15,4,7.50E+07,Spotted 2uL
20220423,39,Phi21-P2-T21,WT,Continue,2,1,L-C-,OmpF,8,2,4.00E+05,Spotted 2uL
20220423,39,Phi21-P2-T21,WT,Continue,2,2,L-C-,OmpF,4,3,2.00E+06,Spotted 2uL
20220423,39,Phi21-P2-T21,WT,Continue,2,3,L-C-,OmpF,6,0,3.00E+03,Spotted 2uL
20220424,19,Phi21,WT,Repeat,1,1,WT,All,3,6,1.50E+09,Spotted 2uL
20220424,19,Phi21,WT,Repeat,2,2,WT,All,10,6,5.00E+09,Spotted 2uL
20220424,19,Phi21,WT,Repeat,3,3,WT,All,4,6,2.00E+09,Spotted 2uL
20220424,19,Phi21,WT,Repeat,4,4,WT,All,8,6,4.00E+09,Spotted 2uL
20220424,19,Phi21,WT,Repeat,5,5,WT,All,9,6,4.50E+09,Spotted 2uL
20220424,19,Phi21,WT,Repeat,6,6,WT,All,9,6,4.50E+09,Spotted 2uL
20220424,19,Phi21,WT,Repeat,7,7,WT,All,14,6,7.00E+09,Spotted 2uL
20220424,19,Phi21,WT,Repeat,8,8,WT,All,17,6,8.50E+09,Spotted 2uL
20220424,19,Phi21,WT,Repeat,9,9,WT,All,3,6,1.50E+09,Spotted 2uL
20220424,40,Phi21-P2-T21,WT,Continue,2,1,WT,All,6,2,3.00E+05,Spotted 2uL
20220424,40,Phi21-P2-T21,WT,Continue,2,2,WT,All,4,3,2.00E+06,Spotted 2uL
20220424,40,Phi21-P2-T21,WT,Continue,2,3,WT,All,0,0,0.00E+00,Spotted 2uL
20220424,19,Phi21,WT,Repeat,1,1,C-F-,LamB,3,6,1.50E+09,Spotted 2uL
20220424,19,Phi21,WT,Repeat,2,2,C-F-,LamB,3,6,1.50E+09,Spotted 2uL
20220424,19,Phi21,WT,Repeat,3,3,C-F-,LamB,1,6,5.00E+08,Spotted 2uL
20220424,19,Phi21,WT,Repeat,4,4,C-F-,LamB,1,6,5.00E+08,Spotted 2uL
20220424,19,Phi21,WT,Repeat,5,5,C-F-,LamB,3,6,1.50E+09,Spotted 2uL
20220424,19,Phi21,WT,Repeat,6,6,C-F-,LamB,20,5,1.00E+09,Spotted 2uL
20220424,19,Phi21,WT,Repeat,7,7,C-F-,LamB,3,6,1.50E+09,Spotted 2uL
20220424,19,Phi21,WT,Repeat,8,8,C-F-,LamB,6,6,3.00E+09,Spotted 2uL
20220424,19,Phi21,WT,Repeat,9,9,C-F-,LamB,2,6,1.00E+09,Spotted 2uL
20220424,40,Phi21-P2-T21,WT,Continue,2,1,C-F-,LamB,0,0,0.00E+00,Spotted 2uL
20220424,40,Phi21-P2-T21,WT,Continue,2,2,C-F-,LamB,0,0,0.00E+00,Spotted 2uL
20220424,40,Phi21-P2-T21,WT,Continue,2,3,C-F-,LamB,0,0,0.00E+00,Spotted 2uL
20220424,19,Phi21,WT,Repeat,1,1,L-F-,OmpC,4,5,2.00E+08,Spotted 2uL
20220424,19,Phi21,WT,Repeat,2,2,L-F-,OmpC,6,6,3.00E+09,Spotted 2uL
20220424,19,Phi21,WT,Repeat,3,3,L-F-,OmpC,9,5,4.50E+08,Spotted 2uL
20220424,19,Phi21,WT,Repeat,4,4,L-F-,OmpC,15,3,7.50E+06,Spotted 2uL
20220424,19,Phi21,WT,Repeat,5,5,L-F-,OmpC,6,5,3.00E+08,Spotted 2uL
20220424,19,Phi21,WT,Repeat,6,6,L-F-,OmpC,7,5,3.50E+08,Spotted 2uL
20220424,19,Phi21,WT,Repeat,7,7,L-F-,OmpC,8,5,4.00E+08,Spotted 2uL
20220424,19,Phi21,WT,Repeat,8,8,L-F-,OmpC,1,5,5.00E+07,Spotted 2uL
20220424,19,Phi21,WT,Repeat,9,9,L-F-,OmpC,2,5,1.00E+08,Spotted 2uL
20220424,40,Phi21-P2-T21,WT,Continue,2,1,L-F-,OmpC,0,0,0.00E+00,Spotted 2uL
20220424,40,Phi21-P2-T21,WT,Continue,2,2,L-F-,OmpC,0,0,0.00E+00,Spotted 2uL
20220424,40,Phi21-P2-T21,WT,Continue,2,3,L-F-,OmpC,0,0,0.00E+00,Spotted 2uL
20220424,19,Phi21,WT,Repeat,1,1,L-C-,OmpF,0,0,0.00E+00,Spotted 2uL
20220424,19,Phi21,WT,Repeat,2,2,L-C-,OmpF,0,0,0.00E+00,Spotted 2uL
20220424,19,Phi21,WT,Repeat,3,3,L-C-,OmpF,25,3,1.25E+07,Spotted 2uL
20220424,19,Phi21,WT,Repeat,4,4,L-C-,OmpF,0,0,0.00E+00,Spotted 2uL
20220424,19,Phi21,WT,Repeat,5,5,L-C-,OmpF,0,0,0.00E+00,Spotted 2uL
20220424,19,Phi21,WT,Repeat,6,6,L-C-,OmpF,0,0,0.00E+00,Spotted 2uL
20220424,19,Phi21,WT,Repeat,7,7,L-C-,OmpF,0,0,0.00E+00,Spotted 2uL
20220424,19,Phi21,WT,Repeat,8,8,L-C-,OmpF,0,0,0.00E+00,Spotted 2uL
20220424,19,Phi21,WT,Repeat,9,9,L-C-,OmpF,5,5,2.50E+08,Spotted 2uL
20220424,40,Phi21-P2-T21,WT,Continue,2,1,L-C-,OmpF,25,2,1.25E+06,Spotted 2uL
20220424,40,Phi21-P2-T21,WT,Continue,2,2,L-C-,OmpF,17,2,8.50E+05,Spotted 2uL
20220424,40,Phi21-P2-T21,WT,Continue,2,3,L-C-,OmpF,0,0,0.00E+00,Spotted 2uL
20220425,20,Phi21,WT,Repeat,1,1,WT,All,2,6,1.00E+09,Spotted 2uL
20220425,20,Phi21,WT,Repeat,2,2,WT,All,6,6,3.00E+09,Spotted 2uL
20220425,20,Phi21,WT,Repeat,3,3,WT,All,4,6,2.00E+09,Spotted 2uL
20220425,20,Phi21,WT,Repeat,4,4,WT,All,10,6,5.00E+09,Spotted 2uL
20220425,20,Phi21,WT,Repeat,5,5,WT,All,6,6,3.00E+09,Spotted 2uL
20220425,20,Phi21,WT,Repeat,6,6,WT,All,8,6,4.00E+09,Spotted 2uL
20220425,20,Phi21,WT,Repeat,7,7,WT,All,5,6,2.50E+09,Spotted 2uL
20220425,20,Phi21,WT,Repeat,8,8,WT,All,3,6,1.50E+09,Spotted 2uL
20220425,20,Phi21,WT,Repeat,9,9,WT,All,24,5,1.20E+09,Spotted 2uL
20220425,41,Phi21-P2-T21,WT,Continue,2,1,WT,All,0,0,0.00E+00,Spotted 2uL
20220425,41,Phi21-P2-T21,WT,Continue,2,2,WT,All,9,3,4.50E+06,Spotted 2uL
20220425,41,Phi21-P2-T21,WT,Continue,2,3,WT,All,0,0,0.00E+00,Spotted 2uL
20220425,20,Phi21,WT,Repeat,1,1,C-F-,LamB,10,5,5.00E+08,Spotted 2uL
20220425,20,Phi21,WT,Repeat,2,2,C-F-,LamB,12,5,6.00E+08,Spotted 2uL
20220425,20,Phi21,WT,Repeat,3,3,C-F-,LamB,4,5,2.00E+08,Spotted 2uL
20220425,20,Phi21,WT,Repeat,4,4,C-F-,LamB,6,6,3.00E+09,Spotted 2uL
20220425,20,Phi21,WT,Repeat,5,5,C-F-,LamB,3,6,1.50E+09,Spotted 2uL
20220425,20,Phi21,WT,Repeat,6,6,C-F-,LamB,3,6,1.50E+09,Spotted 2uL
20220425,20,Phi21,WT,Repeat,7,7,C-F-,LamB,23,5,1.15E+09,Spotted 2uL
20220425,20,Phi21,WT,Repeat,8,8,C-F-,LamB,7,6,3.50E+09,Spotted 2uL
20220425,20,Phi21,WT,Repeat,9,9,C-F-,LamB,1,6,5.00E+08,Spotted 2uL
20220425,41,Phi21-P2-T21,WT,Continue,2,1,C-F-,LamB,0,0,0.00E+00,Spotted 2uL
20220425,41,Phi21-P2-T21,WT,Continue,2,2,C-F-,LamB,0,0,0.00E+00,Spotted 2uL
20220425,41,Phi21-P2-T21,WT,Continue,2,3,C-F-,LamB,0,0,0.00E+00,Spotted 2uL
20220425,20,Phi21,WT,Repeat,1,1,L-F-,OmpC,11,4,5.50E+07,Spotted 2uL
20220425,20,Phi21,WT,Repeat,2,2,L-F-,OmpC,14,5,7.00E+08,Spotted 2uL
20220425,20,Phi21,WT,Repeat,3,3,L-F-,OmpC,8,4,4.00E+07,Spotted 2uL
20220425,20,Phi21,WT,Repeat,4,4,L-F-,OmpC,11,3,5.50E+06,Spotted 2uL
20220425,20,Phi21,WT,Repeat,5,5,L-F-,OmpC,8,4,4.00E+07,Spotted 2uL
20220425,20,Phi21,WT,Repeat,6,6,L-F-,OmpC,11,4,5.50E+07,Spotted 2uL
20220425,20,Phi21,WT,Repeat,7,7,L-F-,OmpC,30,4,1.50E+08,Spotted 2uL
20220425,20,Phi21,WT,Repeat,8,8,L-F-,OmpC,3,4,1.50E+07,Spotted 2uL
20220425,20,Phi21,WT,Repeat,9,9,L-F-,OmpC,18,4,9.00E+07,Spotted 2uL
20220425,41,Phi21-P2-T21,WT,Continue,2,1,L-F-,OmpC,0,0,0.00E+00,Spotted 2uL
20220425,41,Phi21-P2-T21,WT,Continue,2,2,L-F-,OmpC,0,0,0.00E+00,Spotted 2uL
20220425,41,Phi21-P2-T21,WT,Continue,2,3,L-F-,OmpC,0,0,0.00E+00,Spotted 2uL
20220425,20,Phi21,WT,Repeat,1,1,L-C-,OmpF,0,0,0.00E+00,Spotted 2uL
20220425,20,Phi21,WT,Repeat,2,2,L-C-,OmpF,0,0,0.00E+00,Spotted 2uL
20220425,20,Phi21,WT,Repeat,3,3,L-C-,OmpF,18,5,9.00E+08,Spotted 2uL
20220425,20,Phi21,WT,Repeat,4,4,L-C-,OmpF,0,0,0.00E+00,Spotted 2uL
20220425,20,Phi21,WT,Repeat,5,5,L-C-,OmpF,0,0,0.00E+00,Spotted 2uL
20220425,20,Phi21,WT,Repeat,6,6,L-C-,OmpF,0,0,0.00E+00,Spotted 2uL
20220425,20,Phi21,WT,Repeat,7,7,L-C-,OmpF,0,0,0.00E+00,Spotted 2uL
20220425,20,Phi21,WT,Repeat,8,8,L-C-,OmpF,0,0,0.00E+00,Spotted 2uL
20220425,20,Phi21,WT,Repeat,9,9,L-C-,OmpF,5,4,2.50E+07,Spotted 2uL
20220425,41,Phi21-P2-T21,WT,Continue,2,1,L-C-,OmpF,0,0,0.00E+00,Spotted 2uL
20220425,41,Phi21-P2-T21,WT,Continue,2,2,L-C-,OmpF,4,3,2.00E+06,Spotted 2uL
20220425,41,Phi21-P2-T21,WT,Continue,2,3,L-C-,OmpF,0,0,0.00E+00,Spotted 2uL
20220426,21,Phi21,WT,Repeat,1,1,WT,All,7,5,3.50E+08,Spotted 2uL
20220426,21,Phi21,WT,Repeat,2,2,WT,All,5,6,2.50E+09,Spotted 2uL
20220426,21,Phi21,WT,Repeat,3,3,WT,All,3,5,1.50E+08,Spotted 2uL
20220426,21,Phi21,WT,Repeat,4,4,WT,All,5,6,2.50E+09,Spotted 2uL
20220426,21,Phi21,WT,Repeat,5,5,WT,All,8,6,4.00E+09,Spotted 2uL
20220426,21,Phi21,WT,Repeat,6,6,WT,All,2,6,1.00E+09,Spotted 2uL
20220426,21,Phi21,WT,Repeat,7,7,WT,All,18,5,9.00E+08,Spotted 2uL
20220426,21,Phi21,WT,Repeat,8,8,WT,All,7,6,3.50E+09,Spotted 2uL
20220426,21,Phi21,WT,Repeat,9,9,WT,All,11,5,5.50E+08,Spotted 2uL
20220426,42,Phi21-P2-T21,WT,Continue,2,1,WT,All,0,0,0.00E+00,Spotted 2uL
20220426,42,Phi21-P2-T21,WT,Continue,2,2,WT,All,6,4,3.00E+07,Spotted 2uL
20220426,42,Phi21-P2-T21,WT,Continue,2,3,WT,All,0,0,0.00E+00,Spotted 2uL
20220426,21,Phi21,WT,Repeat,1,1,C-F-,LamB,12,5,6.00E+08,Spotted 2uL
20220426,21,Phi21,WT,Repeat,2,2,C-F-,LamB,25,5,1.25E+09,Spotted 2uL
20220426,21,Phi21,WT,Repeat,3,3,C-F-,LamB,4,5,2.00E+08,Spotted 2uL
20220426,21,Phi21,WT,Repeat,4,4,C-F-,LamB,21,5,1.05E+09,Spotted 2uL
20220426,21,Phi21,WT,Repeat,5,5,C-F-,LamB,10,5,5.00E+08,Spotted 2uL
20220426,21,Phi21,WT,Repeat,6,6,C-F-,LamB,28,5,1.40E+09,Spotted 2uL
20220426,21,Phi21,WT,Repeat,7,7,C-F-,LamB,12,5,6.00E+08,Spotted 2uL
20220426,21,Phi21,WT,Repeat,8,8,C-F-,LamB,42,5,2.10E+09,Spotted 2uL
20220426,21,Phi21,WT,Repeat,9,9,C-F-,LamB,13,5,6.50E+08,Spotted 2uL
20220426,42,Phi21-P2-T21,WT,Continue,2,1,C-F-,LamB,0,0,0.00E+00,Spotted 2uL
20220426,42,Phi21-P2-T21,WT,Continue,2,2,C-F-,LamB,0,0,0.00E+00,Spotted 2uL
20220426,42,Phi21-P2-T21,WT,Continue,2,3,C-F-,LamB,0,0,0.00E+00,Spotted 2uL
20220426,21,Phi21,WT,Repeat,1,1,L-F-,OmpC,12,4,6.00E+07,Spotted 2uL
20220426,21,Phi21,WT,Repeat,2,2,L-F-,OmpC,9,5,4.50E+08,Spotted 2uL
20220426,21,Phi21,WT,Repeat,3,3,L-F-,OmpC,5,4,2.50E+07,Spotted 2uL
20220426,21,Phi21,WT,Repeat,4,4,L-F-,OmpC,9,3,4.50E+06,Spotted 2uL
20220426,21,Phi21,WT,Repeat,5,5,L-F-,OmpC,10,4,5.00E+07,Spotted 2uL
20220426,21,Phi21,WT,Repeat,6,6,L-F-,OmpC,13,4,6.50E+07,Spotted 2uL
20220426,21,Phi21,WT,Repeat,7,7,L-F-,OmpC,5,4,2.50E+07,Spotted 2uL
20220426,21,Phi21,WT,Repeat,8,8,L-F-,OmpC,22,3,1.10E+07,Spotted 2uL
20220426,21,Phi21,WT,Repeat,9,9,L-F-,OmpC,18,1,9.00E+04,Spotted 2uL
20220426,42,Phi21-P2-T21,WT,Continue,2,1,L-F-,OmpC,0,0,0.00E+00,Spotted 2uL
20220426,42,Phi21-P2-T21,WT,Continue,2,2,L-F-,OmpC,0,0,0.00E+00,Spotted 2uL
20220426,42,Phi21-P2-T21,WT,Continue,2,3,L-F-,OmpC,0,0,0.00E+00,Spotted 2uL
20220426,21,Phi21,WT,Repeat,1,1,L-C-,OmpF,0,0,0.00E+00,Spotted 2uL
20220426,21,Phi21,WT,Repeat,2,2,L-C-,OmpF,0,0,0.00E+00,Spotted 2uL
20220426,21,Phi21,WT,Repeat,3,3,L-C-,OmpF,15,4,7.50E+07,Spotted 2uL
20220426,21,Phi21,WT,Repeat,4,4,L-C-,OmpF,0,0,0.00E+00,Spotted 2uL
20220426,21,Phi21,WT,Repeat,5,5,L-C-,OmpF,0,0,0.00E+00,Spotted 2uL
20220426,21,Phi21,WT,Repeat,6,6,L-C-,OmpF,0,0,0.00E+00,Spotted 2uL
20220426,21,Phi21,WT,Repeat,7,7,L-C-,OmpF,0,0,0.00E+00,Spotted 2uL
20220426,21,Phi21,WT,Repeat,8,8,L-C-,OmpF,0,0,0.00E+00,Spotted 2uL
20220426,21,Phi21,WT,Repeat,9,9,L-C-,OmpF,15,2,7.50E+05,Spotted 2uL
20220426,42,Phi21-P2-T21,WT,Continue,2,1,L-C-,OmpF,0,0,0.00E+00,Spotted 2uL
20220426,42,Phi21-P2-T21,WT,Continue,2,2,L-C-,OmpF,4,3,2.00E+06,Spotted 2uL
20220426,42,Phi21-P2-T21,WT,Continue,2,3,L-C-,OmpF,0,0,0.00E+00,Spotted 2uL
20220427,22,Phi21,WT,Repeat,1,1,WT,All,20,5,1.00E+09,Spotted 2uL
20220427,22,Phi21,WT,Repeat,2,2,WT,All,4,6,2.00E+09,Spotted 2uL
20220427,22,Phi21,WT,Repeat,3,3,WT,All,3,6,1.50E+09,Spotted 2uL
20220427,22,Phi21,WT,Repeat,4,4,WT,All,8,6,4.00E+09,Spotted 2uL
20220427,22,Phi21,WT,Repeat,5,5,WT,All,10,6,5.00E+09,Spotted 2uL
20220427,22,Phi21,WT,Repeat,6,6,WT,All,9,6,4.50E+09,Spotted 2uL
20220427,22,Phi21,WT,Repeat,7,7,WT,All,10,5,5.00E+08,Spotted 2uL
20220427,22,Phi21,WT,Repeat,8,8,WT,All,15,6,7.50E+09,Spotted 2uL
20220427,22,Phi21,WT,Repeat,9,9,WT,All,7,4,3.50E+07,Spotted 2uL
20220427,43,Phi21-P2-T21,WT,Continue,2,1,WT,All,3,2,1.50E+05,Spotted 2uL
20220427,43,Phi21-P2-T21,WT,Continue,2,2,WT,All,38,2,1.90E+06,Spotted 2uL
20220427,43,Phi21-P2-T21,WT,Continue,2,3,WT,All,28,0,1.40E+04,Spotted 2uL
20220427,22,Phi21,WT,Repeat,1,1,C-F-,LamB,8,5,4.00E+08,Spotted 2uL
20220427,22,Phi21,WT,Repeat,2,2,C-F-,LamB,18,5,9.00E+08,Spotted 2uL
20220427,22,Phi21,WT,Repeat,3,3,C-F-,LamB,25,5,1.25E+09,Spotted 2uL
20220427,22,Phi21,WT,Repeat,4,4,C-F-,LamB,1,6,5.00E+08,Spotted 2uL
20220427,22,Phi21,WT,Repeat,5,5,C-F-,LamB,3,6,1.50E+09,Spotted 2uL
20220427,22,Phi21,WT,Repeat,6,6,C-F-,LamB,2,6,1.00E+09,Spotted 2uL
20220427,22,Phi21,WT,Repeat,7,7,C-F-,LamB,24,5,1.20E+09,Spotted 2uL
20220427,22,Phi21,WT,Repeat,8,8,C-F-,LamB,3,6,1.50E+09,Spotted 2uL
20220427,22,Phi21,WT,Repeat,9,9,C-F-,LamB,5,5,2.50E+08,Spotted 2uL
20220427,43,Phi21-P2-T21,WT,Continue,2,1,C-F-,LamB,8,1,4.00E+04,Spotted 2uL
20220427,43,Phi21-P2-T21,WT,Continue,2,2,C-F-,LamB,17,1,8.50E+04,Spotted 2uL
20220427,43,Phi21-P2-T21,WT,Continue,2,3,C-F-,LamB,0,0,0.00E+00,Spotted 2uL
20220427,22,Phi21,WT,Repeat,1,1,L-F-,OmpC,1,5,5.00E+07,Spotted 2uL
20220427,22,Phi21,WT,Repeat,2,2,L-F-,OmpC,3,6,1.50E+09,Spotted 2uL
20220427,22,Phi21,WT,Repeat,3,3,L-F-,OmpC,5,6,2.50E+09,Spotted 2uL
20220427,22,Phi21,WT,Repeat,4,4,L-F-,OmpC,7,4,3.50E+07,Spotted 2uL
20220427,22,Phi21,WT,Repeat,5,5,L-F-,OmpC,12,5,6.00E+08,Spotted 2uL
20220427,22,Phi21,WT,Repeat,6,6,L-F-,OmpC,10,5,5.00E+08,Spotted 2uL
20220427,22,Phi21,WT,Repeat,7,7,L-F-,OmpC,18,5,9.00E+08,Spotted 2uL
20220427,22,Phi21,WT,Repeat,8,8,L-F-,OmpC,32,4,1.60E+08,Spotted 2uL
20220427,22,Phi21,WT,Repeat,9,9,L-F-,OmpC,13,4,6.50E+07,Spotted 2uL
20220427,43,Phi21-P2-T21,WT,Continue,2,1,L-F-,OmpC,0,0,0.00E+00,Spotted 2uL
20220427,43,Phi21-P2-T21,WT,Continue,2,2,L-F-,OmpC,0,0,0.00E+00,Spotted 2uL
20220427,43,Phi21-P2-T21,WT,Continue,2,3,L-F-,OmpC,0,0,0.00E+00,Spotted 2uL
20220427,22,Phi21,WT,Repeat,1,1,L-C-,OmpF,0,0,0.00E+00,Spotted 2uL
20220427,22,Phi21,WT,Repeat,2,2,L-C-,OmpF,0,0,0.00E+00,Spotted 2uL
20220427,22,Phi21,WT,Repeat,3,3,L-C-,OmpF,5,5,2.50E+08,Spotted 2uL
20220427,22,Phi21,WT,Repeat,4,4,L-C-,OmpF,0,0,0.00E+00,Spotted 2uL
20220427,22,Phi21,WT,Repeat,5,5,L-C-,OmpF,0,0,0.00E+00,Spotted 2uL
20220427,22,Phi21,WT,Repeat,6,6,L-C-,OmpF,0,0,0.00E+00,Spotted 2uL
20220427,22,Phi21,WT,Repeat,7,7,L-C-,OmpF,9,0,4.50E+03,Spotted 2uL
20220427,22,Phi21,WT,Repeat,8,8,L-C-,OmpF,0,0,0.00E+00,Spotted 2uL
20220427,22,Phi21,WT,Repeat,9,9,L-C-,OmpF,8,2,4.00E+05,Spotted 2uL
20220427,43,Phi21-P2-T21,WT,Continue,2,1,L-C-,OmpF,12,1,6.00E+04,Spotted 2uL
20220427,43,Phi21-P2-T21,WT,Continue,2,2,L-C-,OmpF,8,2,4.00E+05,Spotted 2uL
20220427,43,Phi21-P2-T21,WT,Continue,2,3,L-C-,OmpF,3,1,1.50E+04,Spotted 2uL
20220428,23,Phi21,WT,Repeat,1,1,WT,All,15,5,7.50E+08,Spotted 2uL
20220428,23,Phi21,WT,Repeat,2,2,WT,All,12,6,6.00E+09,Spotted 2uL
20220428,23,Phi21,WT,Repeat,3,3,WT,All,6,6,3.00E+09,Spotted 2uL
20220428,23,Phi21,WT,Repeat,4,4,WT,All,15,6,7.50E+09,Spotted 2uL
20220428,23,Phi21,WT,Repeat,5,5,WT,All,9,6,4.50E+09,Spotted 2uL
20220428,23,Phi21,WT,Repeat,6,6,WT,All,12,6,6.00E+09,Spotted 2uL
20220428,23,Phi21,WT,Repeat,7,7,WT,All,38,6,1.90E+10,Spotted 2uL
20220428,23,Phi21,WT,Repeat,8,8,WT,All,10,6,5.00E+09,Spotted 2uL
20220428,23,Phi21,WT,Repeat,9,9,WT,All,2,6,1.00E+09,Spotted 2uL
20220428,44,Phi21-P2-T21,WT,Continue,2,1,WT,All,0,0,NA,Spotted 2uL
20220428,44,Phi21-P2-T21,WT,Continue,2,2,WT,All,0,0,NA,Spotted 2uL
20220428,44,Phi21-P2-T21,WT,Continue,2,3,WT,All,2,2,NA,Spotted 2uL
20220428,23,Phi21,WT,Repeat,1,1,C-F-,LamB,7,5,3.50E+08,Spotted 2uL
20220428,23,Phi21,WT,Repeat,2,2,C-F-,LamB,12,5,6.00E+08,Spotted 2uL
20220428,23,Phi21,WT,Repeat,3,3,C-F-,LamB,4,6,2.00E+09,Spotted 2uL
20220428,23,Phi21,WT,Repeat,4,4,C-F-,LamB,29,5,1.45E+09,Spotted 2uL
20220428,23,Phi21,WT,Repeat,5,5,C-F-,LamB,31,5,1.55E+09,Spotted 2uL
20220428,23,Phi21,WT,Repeat,6,6,C-F-,LamB,16,5,8.00E+08,Spotted 2uL
20220428,23,Phi21,WT,Repeat,7,7,C-F-,LamB,23,6,1.15E+10,Spotted 2uL
20220428,23,Phi21,WT,Repeat,8,8,C-F-,LamB,7,6,3.50E+09,Spotted 2uL
20220428,23,Phi21,WT,Repeat,9,9,C-F-,LamB,6,5,3.00E+08,Spotted 2uL
20220428,44,Phi21-P2-T21,WT,Continue,2,1,C-F-,LamB,0,0,NA,Spotted 2uL
20220428,44,Phi21-P2-T21,WT,Continue,2,2,C-F-,LamB,8,1,NA,Spotted 2uL
20220428,44,Phi21-P2-T21,WT,Continue,2,3,C-F-,LamB,0,0,NA,Spotted 2uL
20220428,23,Phi21,WT,Repeat,1,1,L-F-,OmpC,24,4,1.20E+08,Spotted 2uL
20220428,23,Phi21,WT,Repeat,2,2,L-F-,OmpC,7,6,3.50E+09,Spotted 2uL
20220428,23,Phi21,WT,Repeat,3,3,L-F-,OmpC,2,2,1.00E+05,Spotted 2uL
20220428,23,Phi21,WT,Repeat,4,4,L-F-,OmpC,8,4,4.00E+07,Spotted 2uL
20220428,23,Phi21,WT,Repeat,5,5,L-F-,OmpC,8,5,4.00E+08,Spotted 2uL
20220428,23,Phi21,WT,Repeat,6,6,L-F-,OmpC,12,5,6.00E+08,Spotted 2uL
20220428,23,Phi21,WT,Repeat,7,7,L-F-,OmpC,51,6,2.55E+10,Spotted 2uL
20220428,23,Phi21,WT,Repeat,8,8,L-F-,OmpC,2,5,1.00E+08,Spotted 2uL
20220428,23,Phi21,WT,Repeat,9,9,L-F-,OmpC,12,5,6.00E+08,Spotted 2uL
20220428,44,Phi21-P2-T21,WT,Continue,2,1,L-F-,OmpC,0,0,NA,Spotted 2uL
20220428,44,Phi21-P2-T21,WT,Continue,2,2,L-F-,OmpC,0,0,NA,Spotted 2uL
20220428,44,Phi21-P2-T21,WT,Continue,2,3,L-F-,OmpC,0,0,NA,Spotted 2uL
20220428,23,Phi21,WT,Repeat,1,1,L-C-,OmpF,0,0,0.00E+00,Spotted 2uL
20220428,23,Phi21,WT,Repeat,2,2,L-C-,OmpF,0,0,0.00E+00,Spotted 2uL
20220428,23,Phi21,WT,Repeat,3,3,L-C-,OmpF,5,4,2.50E+07,Spotted 2uL
20220428,23,Phi21,WT,Repeat,4,4,L-C-,OmpF,0,0,0.00E+00,Spotted 2uL
20220428,23,Phi21,WT,Repeat,5,5,L-C-,OmpF,0,0,0.00E+00,Spotted 2uL
20220428,23,Phi21,WT,Repeat,6,6,L-C-,OmpF,0,0,0.00E+00,Spotted 2uL
20220428,23,Phi21,WT,Repeat,7,7,L-C-,OmpF,7,5,3.50E+08,Spotted 2uL
20220428,23,Phi21,WT,Repeat,8,8,L-C-,OmpF,0,0,0.00E+00,Spotted 2uL
20220428,23,Phi21,WT,Repeat,9,9,L-C-,OmpF,11,3,5.50E+06,Spotted 2uL
20220428,44,Phi21-P2-T21,WT,Continue,2,1,L-C-,OmpF,12,0,NA,Spotted 2uL
20220428,44,Phi21-P2-T21,WT,Continue,2,2,L-C-,OmpF,23,1,NA,Spotted 2uL
20220428,44,Phi21-P2-T21,WT,Continue,2,3,L-C-,OmpF,22,1,NA,Spotted 2uL
20220429,24,Phi21,WT,Repeat,1,1,WT,All,2,6,1.00E+09,Spotted 2uL
20220429,24,Phi21,WT,Repeat,2,2,WT,All,11,6,5.50E+09,Spotted 2uL
20220429,24,Phi21,WT,Repeat,3,3,WT,All,14,6,7.00E+09,Spotted 2uL
20220429,24,Phi21,WT,Repeat,4,4,WT,All,7,6,3.50E+09,Spotted 2uL
20220429,24,Phi21,WT,Repeat,5,5,WT,All,6,6,3.00E+09,Spotted 2uL
20220429,24,Phi21,WT,Repeat,6,6,WT,All,4,6,2.00E+09,Spotted 2uL
20220429,24,Phi21,WT,Repeat,7,7,WT,All,6,6,3.00E+09,Spotted 2uL
20220429,24,Phi21,WT,Repeat,8,8,WT,All,12,6,6.00E+09,Spotted 2uL
20220429,24,Phi21,WT,Repeat,9,9,WT,All,3,6,1.50E+09,Spotted 2uL
20220429,45,Phi21-P2-T21,WT,Continue,2,1,WT,All,2,1,1.00E+04,Spotted 2uL
20220429,45,Phi21-P2-T21,WT,Continue,2,2,WT,All,12,2,6.00E+05,Spotted 2uL
20220429,45,Phi21-P2-T21,WT,Continue,2,3,WT,All,4,2,2.00E+05,Spotted 2uL
20220429,24,Phi21,WT,Repeat,1,1,C-F-,LamB,8,5,4.00E+08,Spotted 2uL
20220429,24,Phi21,WT,Repeat,2,2,C-F-,LamB,2,6,1.00E+09,Spotted 2uL
20220429,24,Phi21,WT,Repeat,3,3,C-F-,LamB,5,6,2.50E+09,Spotted 2uL
20220429,24,Phi21,WT,Repeat,4,4,C-F-,LamB,1,6,5.00E+08,Spotted 2uL
20220429,24,Phi21,WT,Repeat,5,5,C-F-,LamB,3,6,1.50E+09,Spotted 2uL
20220429,24,Phi21,WT,Repeat,6,6,C-F-,LamB,3,6,1.50E+09,Spotted 2uL
20220429,24,Phi21,WT,Repeat,7,7,C-F-,LamB,1,6,5.00E+08,Spotted 2uL
20220429,24,Phi21,WT,Repeat,8,8,C-F-,LamB,5,6,2.50E+09,Spotted 2uL
20220429,24,Phi21,WT,Repeat,9,9,C-F-,LamB,3,6,1.50E+09,Spotted 2uL
20220429,45,Phi21-P2-T21,WT,Continue,2,1,C-F-,LamB,9,0,4.50E+03,Spotted 2uL
20220429,45,Phi21-P2-T21,WT,Continue,2,2,C-F-,LamB,21,2,1.05E+06,Spotted 2uL
20220429,45,Phi21-P2-T21,WT,Continue,2,3,C-F-,LamB,0,0,0.00E+00,Spotted 2uL
20220429,24,Phi21,WT,Repeat,1,1,L-F-,OmpC,20,4,1.00E+08,Spotted 2uL
20220429,24,Phi21,WT,Repeat,2,2,L-F-,OmpC,5,6,2.50E+09,Spotted 2uL
20220429,24,Phi21,WT,Repeat,3,3,L-F-,OmpC,22,5,1.10E+09,Spotted 2uL
20220429,24,Phi21,WT,Repeat,4,4,L-F-,OmpC,6,4,3.00E+07,Spotted 2uL
20220429,24,Phi21,WT,Repeat,5,5,L-F-,OmpC,10,5,5.00E+08,Spotted 2uL
20220429,24,Phi21,WT,Repeat,6,6,L-F-,OmpC,9,5,4.50E+08,Spotted 2uL
20220429,24,Phi21,WT,Repeat,7,7,L-F-,OmpC,17,5,8.50E+08,Spotted 2uL
20220429,24,Phi21,WT,Repeat,8,8,L-F-,OmpC,2,5,1.00E+08,Spotted 2uL
20220429,24,Phi21,WT,Repeat,9,9,L-F-,OmpC,5,5,2.50E+08,Spotted 2uL
20220429,45,Phi21-P2-T21,WT,Continue,2,1,L-F-,OmpC,0,0,0.00E+00,Spotted 2uL
20220429,45,Phi21-P2-T21,WT,Continue,2,2,L-F-,OmpC,0,0,0.00E+00,Spotted 2uL
20220429,45,Phi21-P2-T21,WT,Continue,2,3,L-F-,OmpC,0,0,0.00E+00,Spotted 2uL
20220429,24,Phi21,WT,Repeat,1,1,L-C-,OmpF,0,0,0.00E+00,Spotted 2uL
20220429,24,Phi21,WT,Repeat,2,2,L-C-,OmpF,0,0,0.00E+00,Spotted 2uL
20220429,24,Phi21,WT,Repeat,3,3,L-C-,OmpF,19,4,9.50E+07,Spotted 2uL
20220429,24,Phi21,WT,Repeat,4,4,L-C-,OmpF,0,0,0.00E+00,Spotted 2uL
20220429,24,Phi21,WT,Repeat,5,5,L-C-,OmpF,0,0,0.00E+00,Spotted 2uL
20220429,24,Phi21,WT,Repeat,6,6,L-C-,OmpF,0,0,0.00E+00,Spotted 2uL
20220429,24,Phi21,WT,Repeat,7,7,L-C-,OmpF,3,5,1.50E+08,Spotted 2uL
20220429,24,Phi21,WT,Repeat,8,8,L-C-,OmpF,0,0,0.00E+00,Spotted 2uL
20220429,24,Phi21,WT,Repeat,9,9,L-C-,OmpF,4,3,2.00E+06,Spotted 2uL
20220429,45,Phi21-P2-T21,WT,Continue,2,1,L-C-,OmpF,13,1,6.50E+04,Spotted 2uL
20220429,45,Phi21-P2-T21,WT,Continue,2,2,L-C-,OmpF,7,2,3.50E+05,Spotted 2uL
20220429,45,Phi21-P2-T21,WT,Continue,2,3,L-C-,OmpF,5,1,2.50E+04,Spotted 2uL